CharacterName,WikiLink,Source
Abomination,Abomination (character),Marvel
Absorbing Man,Absorbing Man,Marvel
Achebe,Achebe (comics),Marvel
Agent,Agent (comics),Marvel
Agent X,Agent X (Marvel Comics),Marvel
Airstrike,Dmitri Bukharin,Marvel
Air-Walker,Air-Walker,Marvel
Liz Allan,Liz Allan,Marvel
Amatsu-Mikaboshi,Amatsu-Mikaboshi (comics),Marvel
American Dream,American Dream (comics),Marvel
American Eagle,American Eagle (Marvel Comics),Marvel
Anaconda,Anaconda (comics),Marvel
Anarchist,X-Statix,Marvel
Ancient One,Ancient One,Marvel
Andromeda_Marvel,Andromeda (Marvel Comics),Marvel
Angel,Angel (Thomas Halloway),Marvel
Angel Dust,Angel Dust (comics),Marvel
Angela,Angela (comics),Marvel
Dirk Anger,Dirk Anger,Marvel
Ani-Mator,Ani-Mator,Marvel
Annex,Annex (comics),Marvel
Annihilus,Annihilus,Marvel
Anole,Anole (comics),Marvel
Anthem,Anthem (comics),Marvel
Ant-Man,Ant-Man,Marvel
Anti-Venom,Anti-Venom (symbiote),Marvel
Apache Kid,Apache Kid (comics),Marvel
Ape-Man,Ani-Men,Marvel
Apocalypse,Apocalypse (comics),Marvel
Apollo,Apollo (Marvel Comics),Marvel
Aqueduct,Aqueduct (comics),Marvel
Arabian Knight,Arabian Knight (comics),Marvel
Aragorn,Aragorn (comics),Marvel
Arcade,Arcade (Marvel Comics),Marvel
Arclight,Arclight (comics),Marvel
Ares_Marvel,Ares (Marvel Comics),Marvel
Aries,Aries (comics),Marvel
Arkon,Arkon,Marvel
Armadillo,Armadillo (comics),Marvel
Armor,Armor (comics),Marvel
Arsenal_Marvel,Arsenal (Marvel Comics),Marvel
Arsenic,Gertrude Yorkes,Marvel
Asbestos Man,Asbestos Man,Marvel
Mike Asher,Mike Asher,Marvel
Asp,Asp (comics),Marvel
Vance Astro,Vance Astro,Marvel
Astronomer,Elders of the Universe,Marvel
Atalanta,Atalanta (Pantheon),Marvel
Athena,Athena (Marvel Comics),Marvel
Atlas,Erik Josten,Marvel
Attuma,Attuma,Marvel
Aurora,Aurora (comics),Marvel
Avalanche,Avalanche (comics),Marvel
Awesome Android,Awesome Android,Marvel
Azazel,Azazel (Marvel Comics),Marvel
Azzuri,Azzuri (comics),Marvel
Bruce Banner,Bruce Banner,Marvel
Rebecca Banner,Rebecca Banner,Marvel
Brian Banner,Brian Banner,Marvel
Baron Blood,Baron Blood,Marvel
Baron Brimstone,Baron Brimstone,Marvel
Baron Mordo,Baron Mordo,Marvel
Baron Zemo,Baron Zemo,Marvel
Barracuda,Barracuda (comics),Marvel
Barrage,Dark Riders (comics),Marvel
Turk Barrett,Turk Barrett,Marvel
Breeze Barton,Breeze Barton,Marvel
Bast,Bast (Marvel Comics),Marvel
Bastion,Bastion (comics),Marvel
Batroc the Leaper,Batroc the Leaper,Marvel
Battlestar,Battlestar (comics),Marvel
Batwing_Marvel,Batwing (Marvel Comics),Marvel
Baymax,Baymax,Marvel
Beast,Beast (comics),Marvel
Beautiful Dreamer,Beautiful Dreamer (Marvel Comics),Marvel
Bedlam,Bedlam (comics),Marvel
Beef,Beef (comics),Marvel
Beetle,Beetle (comics),Marvel
Bela,Bela (comics),Marvel
Belasco,Belasco (Marvel Comics),Marvel
Bella Donna,Bella Donna (comics),Marvel
Bengal,Bengal (comics),Marvel
Dexter Bennett,Dexter Bennett,Marvel
Bereet,Bereet,Marvel
Berzerker,Berzerker (comics),Marvel
Beta Ray Bill,Beta Ray Bill,Marvel
Beyonder,Beyonder,Marvel
Bi-Beast,Bi-Beast,Marvel
Big Bertha,Big Bertha (comics),Marvel
Big Man,Big Man (comics),Marvel
Big Wheel,Big Wheel (comics),Marvel
Bird-Brain,Bird-Brain (Marvel Comics),Marvel
Bird-Man,Bird-Man,Marvel
Bishop,Bishop (Marvel Comics),Marvel
Bison,Bison (comics),Marvel
Black Ant,Eric O'Grady,Marvel
Black Bolt,Black Bolt,Marvel
Black Box,Black Box (comics),Marvel
Black Cat,Black Cat (Marvel Comics),Marvel
Black Crow,Black Crow (comics),Marvel
Black Fox,Black Fox (Raul Chalmers),Marvel
Black Jack Tarr,Black Jack Tarr,Marvel
Black Knight,Black Knight (comics),Marvel
Black Mamba,Black Mamba (comics),Marvel
Black Marvel,Black Marvel,Marvel
Black Panther,Black Panther (character),Marvel
Black Racer,Black Racer (Marvel Comics),Marvel
Black Rider,Black Rider (comics),Marvel
Black Spectre,Black Spectre (Carson Knowles),Marvel
Black Swan,Black Swan (comics),Marvel
Black Talon,Black Talon (comics),Marvel
Black Tarantula,Black Tarantula,Marvel
Black Tom Cassidy,Black Tom Cassidy,Marvel
Black Widow,Black Widow (Marvel Comics),Marvel
Blackheart,Blackheart,Marvel
Blacklash,Whiplash (Mark Scarlotti),Marvel
Blacklight,Blacklight (MC2),Marvel
Blackout,Blackout (Marcus Daniels),Marvel
Blackwing,Blackwing (character),Marvel
Blade,Blade (character),Marvel
Donald Blake,Thor (Marvel Comics),Marvel
Blank,Blank (comics),Marvel
Blastaar,Blastaar,Marvel
Siena Blaze,Siena Blaze,Marvel
Blazing Skull,Blazing Skull,Marvel
Blindfold,Blindfold (comics),Marvel
Blindspot,Blindspot (comics),Marvel
Bling!,Bling!,Marvel
Blink,Blink (comics),Marvel
Bliss,Bliss (Marvel Comics),Marvel
Blizzard,Blizzard (Marvel Comics),Marvel
Blob,Blob (comics),Marvel
Blockbuster_Marvel,Blockbuster (Marauder),Marvel
Blonde Phantom,Blonde Phantom,Marvel
Blood Brothers,Blood Brothers (comics),Marvel
Bloodaxe,Bloodaxe (comics),Marvel
Bloodhawk,Bloodhawk,Marvel
Bloodscream,Bloodscream,Marvel
Bloodshed,Bloodshed (comics),Marvel
Cullen Bloodstone,Cullen Bloodstone,Marvel
Elsa Bloodstone,Elsa Bloodstone,Marvel
Ulysses Bloodstone,Ulysses Bloodstone,Marvel
Bloodstrike,Bloodstrike (Marvel Comics),Marvel
Blue Diamond,Blue Diamond (comics),Marvel
Blue Eagle,Blue Eagle (comics),Marvel
Blue Marvel,Blue Marvel,Marvel
Blue Shield,Blue Shield (comics),Marvel
Blue Streak_Bluestreak,Blue Streak (comics),Marvel
"Bob, Agent of HYDRA","Bob, Agent of HYDRA",Marvel
Elias Bogan,Elias Bogan,Marvel
Bolt,Chris Bradley,Marvel
Bonebreaker,Bonebreaker,Marvel
Alexander Bont,Alexander Bont,Marvel
Boom-Boom,Tabitha Smith,Marvel
Boomerang,Boomerang (comics),Marvel
Bova,Bova (comics),Marvel
Box,Box (comics),Marvel
Jamie Braddock,Jamie Braddock,Marvel
Isaiah Bradley,Isaiah Bradley,Marvel
Brain Drain,Brain Drain (comics),Marvel
Brainchild,Brainchild (comics),Marvel
Abigail Brand,Abigail Brand,Marvel
Betty Brant,Betty Brant,Marvel
G. W. Bridge,G. W. Bridge,Marvel
Brimstone Love,Brimstone Love,Marvel
Brother Tode,Brother Tode,Marvel
Brother Voodoo,Brother Voodoo,Marvel
Brothers Grimm,Brothers Grimm (comics),Marvel
Bruiser,Molly Hayes,Marvel
Brute,Brute (Reed Richards),Marvel
Bucky,Bucky (Marvel Comics),Marvel
Paul Budiansky,Paul Budiansky,Marvel
Bug,Bug (comics),Marvel
Bulldozer,Bulldozer (comics),Marvel
Bullseye,Bullseye (comics),Marvel
Bulwark,Bulwark (comics),Marvel
Nathaniel Bumpo,Nathaniel Bumpo,Marvel
Burglar,Burglar (comics),Marvel
Burner,Burner (comics),Marvel
Bushman,Bushman (comics),Marvel
Bushmaster,Bushmaster (Marvel Comics),Marvel
Bushwacker,Bushwacker (comics),Marvel
Butterfly,Layla Miller,Marvel
Buzz,Buzz (Marvel Comics),Marvel
Byrrah,Byrrah,Marvel
Tatiana Caban,Tatiana Caban,Marvel
Bethany Cabe,Bethany Cabe,Marvel
Cable,Cable (comics),Marvel
Luke Cage,Luke Cage,Marvel
Caiman,Caiman (comics),Marvel
Caliban,Caliban (comics),Marvel
Callisto,Callisto (comics),Marvel
Calypso,Calypso (comics),Marvel
Cammi,Cammi (comics),Marvel
Cancer,Cancer (comics),Marvel
Candra,Candra (comics),Marvel
Cannonball,Cannonball (comics),Marvel
Capricorn,Capricorn (comics),Marvel
Captain,Captain (comics),Marvel
Captain America,Captain America,Marvel
Captain Atlas,Captain Atlas,Marvel
Captain Britain,Captain Britain,Marvel
Captain Fate,Captain Fate,Marvel
Captain Marvel_Marvel,Captain Marvel (Marvel Comics),Marvel
Captain Midlands,Captain Midlands,Marvel
Captain Savage,Captain Savage,Marvel
Captain Spider,Flash Thompson,Marvel
Captain UK,Captain Britain Corps,Marvel
Captain Ultra,Captain Ultra,Marvel
Captain Universe,Captain Universe,Marvel
Captain Wonder,Captain Wonder (Timely Comics),Marvel
Cardiac,Cardiac (comics),Marvel
Cardinal,Cardinal (comics),Marvel
Caretaker,Caretaker (comics),Marvel
Carnage,Carnage (character),Marvel
Carnivore,Carnivore (comics),Marvel
Carrion,Carrion (comics),Marvel
Peggy Carter,Peggy Carter,Marvel
Sharon Carter,Sharon Carter,Marvel
Tyrone Cash,Tyrone Cash,Marvel
Catseye,Catseye (comics),Marvel
Cell,Cell (comics),Marvel
Centurious,Centurious,Marvel
Centurius,Centurius,Marvel
Cerebra,Cerebra,Marvel
Cerise,Cerise (comics),Marvel
Challenger,Challenger (comics),Marvel
Chamber,Chamber (comics),Marvel
Chameleon,Chameleon (comics),Marvel
Champion of the Universe,Champion of the Universe,Marvel
Marlo Chandler,Marlo Chandler,Marvel
Robin Chapel,Damage Control (comics),Marvel
Charcoal,Charcoal (comics),Marvel
Charlie-27,Charlie-27,Marvel
Charon,Charon (Marvel Comics),Marvel
Chemistro,Chemistro,Marvel
Zhou Cheng,Zhou Cheng,Marvel
Cheshire Cat,Cheshire Cat (comics),Marvel
Amadeus Cho,Amadeus Cho,Marvel
Ch'od,Ch'od,Marvel
Chondu the Mystic,Chondu the Mystic,Marvel
Andrew Chord,Andrew Chord,Marvel
Chronomancer,Trevor Fitzroy,Marvel
Cipher,Cipher (comics),Marvel
Citizen V,Citizen V,Marvel
Clea,Clea,Marvel
Albert Cleary,Damage Control,Marvel
Cloak,Cloak and Dagger (comics),Marvel
Cloud 9,Cloud 9 (comics),Marvel
Coachwhip,Coachwhip (comics),Marvel
Coal Tiger,Coal Tiger,Marvel
Cobalt Man,Cobalt Man,Marvel
Cobra,Cobra (Marvel Comics),Marvel
Malcolm Colcord,Malcolm Colcord,Marvel
Coldblood,Coldblood,Marvel
Collective Man,Collective Man,Marvel
Collector,Collector (comics),Marvel
Rusty Collins,Rusty Collins,Marvel
Colonel,Ultimate Red Guardian,Marvel
Colossus,Colossus (comics),Marvel
Comanche,Comanche (comics),Marvel
Comet Man,Comet Man,Marvel
Commander Kraken,Commander Kraken,Marvel
Conan,Conan (Marvel Comics),Marvel
Condor,Condor (comics),Marvel
Billy Connors,Billy Connors (comics),Marvel
Martha Connors,Martha Connors,Marvel
Conquest,Conquest (comics),Marvel
Constrictor,Constrictor (comics),Marvel
Contemplator,Contemplator (Marvel Comics),Marvel
Controller,Controller (Marvel Comics),Marvel
Jen Cooke,Jen Cooke,Marvel
Finn Cooley,Finn Cooley,Marvel
Carlie Cooper,Carlie Cooper,Marvel
Valerie Cooper,Valerie Cooper,Marvel
Copperhead,Copperhead (Marvel Comics),Marvel
Anya Corazon,Anya Corazon,Marvel
Peter Corbeau,Peter Corbeau,Marvel
Edwin Cord,Edwin Cord,Marvel
Abraham Cornelius,Abraham Cornelius,Marvel
Archie Corrigan,Archie Corrigan,Marvel
Corruptor,Corruptor (comics),Marvel
Corsair,Corsair (comics),Marvel
Tom Corsi,Tom Corsi,Marvel
Fabian Cortez,Fabian Cortez,Marvel
Cosmo the Spacedog,Cosmo the Spacedog,Marvel
Cottonmouth,Cottonmouth (Cornell Cottonmouth),Marvel
Phil Coulson,Phil Coulson,Marvel
Cowgirl,Cowgirl (comics),Marvel
Graydon Creed,Graydon Creed,Marvel
Crime Master,Crime Master,Marvel
Crimson Cavalier,Crimson Cavalier,Marvel
Crimson Commando,Crimson Commando,Marvel
Crimson Curse,Crimson Curse,Marvel
Crimson Dynamo,Crimson Dynamo,Marvel
Crippler,Crippler (comics),Marvel
Darren Cross,Darren Cross,Marvel
Crossbones,Crossbones (comics),Marvel
Crossfire,Crossfire (comics),Marvel
Crucible,Enclave (comics),Marvel
Crusader,Crusader (Marvel Comics),Marvel
Crusher,Crusher (comics),Marvel
Crystal,Crystal (comics),Marvel
Cyber,Cyber (Marvel Comics),Marvel
Cyclone_Marvel,Cyclone (Marvel Comics),Marvel
Cyclops,Cyclops (Marvel Comics),Marvel
Cypher,Cypher (comics),Marvel
Cyttorak,Cyttorak,Marvel
Dagger,Dagger (comics),Marvel
Daken,Daken,Marvel
Dakimh the Enchanter,Dakimh the Enchanter,Marvel
Daredevil,Daredevil (Marvel Comics character),Marvel
Dark Beast,Dark Beast,Marvel
Darkdevil,Darkdevil,Marvel
Darkhawk,Darkhawk,Marvel
Darkoth,Darkoth,Marvel
Darkstar,Darkstar (Marvel Comics),Marvel
Darwin,Darwin (comics),Marvel
Spacker Dave,Spacker Dave,Marvel
Daytripper,Amanda Sefton,Marvel
Dazzler,Dazzler (Marvel Comics),Marvel
Dead Girl,Dead Girl,Marvel
Deadpool,Deadpool,Marvel
Frank and Leslie Dean,Pride (comics),Marvel
Death_Marvel,Death (Marvel Comics),Marvel
Death Adder,Death Adder (comics),Marvel
Death Metal,Death Metal (comics),Marvel
Death's-Head,Death's Head,Marvel
Deathbird,Deathbird,Marvel
Deathlok,Deathlok,Marvel
Deathwatch,Deathwatch (comics),Marvel
Debrii,Debrii,Marvel
Valentina Allegra de Fontaine,Valentina Allegra de Fontaine,Marvel
Marco Delgado,Marco Delgado (comics),Marvel
Delilah,Delilah (comics),Marvel
Delphi,Delphi (Pantheon),Marvel
Demogoblin,Demogoblin,Marvel
Demolition Man,Demolition Man (comics),Marvel
Demon Bear,Demon Bear,Marvel
Desak,Desak,Marvel
Destiny,Destiny (Irene Adler),Marvel
Destroyer,Destroyer (Keen Marlow),Marvel
Detroit Steel,Detroit Steel,Marvel
Devastator,Devastator (comics),Marvel
Devil Dinosaur,Devil Dinosaur,Marvel
Devil-Slayer,Devil-Slayer (comics),Marvel
Devos the Devastator,Devos the Devastator,Marvel
Jean DeWolff,Jean DeWolff,Marvel
Diablo,Diablo (Marvel Comics),Marvel
Diamond Lil,Diamond Lil (Marvel Comics),Marvel
Diamondback,Diamondback (Willis Stryker),Marvel
Diamondhead,Diamondhead (comics),Marvel
Digger,Digger (Marvel Comics),Marvel
Digitek,Digitek (comics),Marvel
Dinah Soar,Dinah Soar,Marvel
Dionysus,Dionysus (Marvel Comics),Marvel
Dirtnap,Dirtnap (comics),Marvel
D'Ken,D'Ken,Marvel
D.O.A.,Hellions (comics),Marvel
Doc Samson,Doc Samson,Marvel
Doctor Bong,Doctor Bong,Marvel
Doctor Demonicus,Doctor Demonicus,Marvel
Doctor Doom,Doctor Doom,Marvel
Doctor Druid,Doctor Druid,Marvel
Doctor Faustus,Doctor Faustus (comics),Marvel
Doctor Minerva,Doctor Minerva,Marvel
Doctor Nemesis,Doctor Nemesis,Marvel
Doctor Octopus,Doctor Octopus,Marvel
Doctor Spectrum,Doctor Spectrum,Marvel
Doctor Strange,Doctor Strange,Marvel
Doctor Voodoo,Daniel Drumm,Marvel
Domino,Domino (comics),Marvel
Big Ben Donovan,Big Ben Donovan,Marvel
Roger Dooley,Roger Dooley,Marvel
Doom 2099,Doom 2099,Marvel
Doorman,Doorman (comics),Marvel
Doop,Doop (comics),Marvel
Dorma,Dorma (comics),Marvel
Dormammu,Dormammu,Marvel
Doughboy,Doughboy (comics),Marvel
Dracula,Dracula (Marvel Comics),Marvel
Dragon Lord,Dragon Lord (comics),Marvel
Dragon Man,Dragon Man (comics),Marvel
Damon Dran,Damon Dran,Marvel
Drax the Destroyer,Drax the Destroyer,Marvel
Dreadknight,Dreadknight,Marvel
Dreadnought,Dreadnought (comics),Marvel
Dredmund Druid,Dredmund Druid,Marvel
Druig,Druig,Marvel
Dryad,Dryad (comics),Marvel
D'Spayre,D'Spayre,Marvel
Dum-Dum Dugan,Dum-Dum Dugan,Marvel
Dusk,Dusk (comics),Marvel
Dust,Dust (comics),Marvel
Dweller-in-Darkness,Dweller-in-Darkness,Marvel
Earth Lord,Earth Force (Marvel Comics),Marvel
Ebon Samurai,Ebon Samurai,Marvel
Echo,Echo (Marvel Comics),Marvel
Ectokid,Ectokid,Marvel
Ethan Edwards,Ethan Edwards,Marvel
Eel,Eel (comics),Marvel
Egghead,Egghead (Marvel Comics),Marvel
Ego the Living Planet,Ego the Living Planet,Marvel
Eitri,Eitri (comics),Marvel
El Aguila,El Aguila,Marvel
Electro,Electro (Marvel Comics),Marvel
Elixir,Elixir (comics),Marvel
Elsie-Dee,Elsie-Dee,Marvel
Elysius,Elysius (comics),Marvel
Empath,Empath (comics),Marvel
Enchantress_Marvel,Enchantress (Marvel Comics),Marvel
Energizer,Katie Power,Marvel
Enforcer,Enforcer (comics),Marvel
Ent,Ent (comics),Marvel
Equinox,Equinox (comics),Marvel
Ereshkigal,Ereshkigal (Marvel Comics),Marvel
Eric the Red,Eric the Red (comics),Marvel
Erg,Erg (comics),Marvel
Eternity,Eternity (comics),Marvel
E.V.A.,Fantomex,Marvel
Everyman,Everyman (Marvel Comics),Marvel
Ex Nihilo,Ex Nihilo (comics),Marvel
Executioner,Executioner (comics),Marvel
Exodus,Exodus (comics),Marvel
Ezekiel,Ezekiel (comics),Marvel
Falcon,Falcon (comics),Marvel
Fancy Dan,Fancy Dan,Marvel
Fandral,Fandral,Marvel
Fantomex,Fantomex,Marvel
Fasaud,Fasaud,Marvel
Fatale,Fatale (Marvel Comics),Marvel
Father Time,Father Time (Marvel Comics),Marvel
Fenris Wolf,Fenris Wolf (Marvel Comics),Marvel
Feral,Feral (comics),Marvel
Fer-de-Lance,Fer-de-Lance (comics),Marvel
Philip Fetter,Saint Sinner (comics),Marvel
Fin,Fin (comics),Marvel
Fin Fang Foom,Fin Fang Foom,Marvel
Finesse,Finesse (character),Marvel
Firebird,Firebird (Marvel Comics),Marvel
Firebrand_Marvel,Firebrand (Marvel Comics),Marvel
Firelord,Firelord (comics),Marvel
Firepower,Firepower (comics),Marvel
Firestar,Firestar (Marvel Comics),Marvel
Richard Fisk,Richard Fisk,Marvel
Vanessa Fisk,Vanessa Fisk,Marvel
Leo Fitz,Leo Fitz,Marvel
Fixx,Fixx (Marvel comics),Marvel
Fixer,Fixer (comics),Marvel
Flag-Smasher,Flag-Smasher,Marvel
Flashback,Flashback (comics),Marvel
Flatman,Flatman (comics),Marvel
Flex,Flex (comics),Marvel
Flipside,Flipside (comics),Marvel
Sally Floyd,Sally Floyd (comics),Marvel
Flux,Flux (comics),Marvel
Flying Tiger,Flying Tiger (Marvel Comics),Marvel
Mickey Fondozzi,Mickey Fondozzi,Marvel
Foolkiller,Foolkiller,Marvel
Forbush Man,Forbush Man,Marvel
Force,Force (comics),Marvel
Forearm,Forearm (comics),Marvel
Foreigner,Foreigner (comics),Marvel
Forge,Forge (comics),Marvel
Lee Forrester,Lee Forrester,Marvel
Forgotten One,Forgotten One (comics),Marvel
Don Fortunato,Don Fortunato,Marvel
Dominic Fortune,Dominic Fortune,Marvel
Jane Foster,Jane Foster (comics),Marvel
Frederick Foswell,Frederick Foswell,Marvel
Foxbat,Foxbat (comics),Marvel
Foxfire,Foxfire (comics),Marvel
Frankenstein's Monster,Frankenstein's Monster (Marvel Comics),Marvel
Freak,Freak (Marvel Comics),Marvel
Freakshow,Freakshow (comics),Marvel
Free Spirit,Free Spirit (comics),Marvel
Freedom Ring,Freedom Ring,Marvel
Spike Freeman,Spike Freeman,Marvel
Frenchie,Frenchie (comics),Marvel
Frenzy,Frenzy (comics),Marvel
Freya,Freya (comics),Marvel
Friday,F.R.I.D.A.Y.,Marvel
Friction,Friction (comics),Marvel
Sharon Friedlander,Sharon Friedlander,Marvel
Frigga,Frigga (Marvel Comics),Marvel
Frog-Man,Frog-Man,Marvel
Adrienne Frost,Adrienne Frost,Marvel
Deacon Frost,Deacon Frost,Marvel
Emma Frost,Emma Frost,Marvel
Rumiko Fujikawa,Rumiko Fujikawa,Marvel
Fury_Marvel,Fury (Marvel Comics),Marvel
Jake Fury,Jake Fury,Marvel
Mikel Fury,Mikel Fury,Marvel
Nick Fury,Nick Fury,Marvel
Nick Fury Jr.,Nick Fury Jr.,Marvel
Vernon Fury,Vernon Fury,Marvel
Fusion,Fusion (Marvel Comics),Marvel
Futurist,Futurist (comics),Marvel
Galactus,Galactus,Marvel
Gambit,Gambit (Marvel Comics),Marvel
Gamesmaster,Gamesmaster (comics),Marvel
Gamora,Gamora,Marvel
Gardener,Gardener (comics),Marvel
Gargantua,Gargantua (comics),Marvel
Gargoyle,Gargoyle (comics),Marvel
Garokk,Garokk,Marvel
Jeffrey Garrett,Jeffrey Garrett,Marvel
John Garrett,John Garrett (comics),Marvel
Gatecrasher,Gatecrasher (Marvel Comics),Marvel
Gateway,Gateway (comics),Marvel
Kulan Gath,Kulan Gath,Marvel
Gauntlet,Gauntlet (comics),Marvel
Gavel,Gavel (comics),Marvel
Gazelle,Salem's Seven,Marvel
Geiger,Geiger (comics),Marvel
Gemini,Gemini (Marvel Comics),Marvel
Genesis,Genesis (Marvel Comics),Marvel
Genis-Vell,Genis-Vell,Marvel
Gentle,Gentle (comics),Marvel
Ghaur,Ghaur,Marvel
Ghost,Ghost (Marvel Comics),Marvel
Ghost Rider,Ghost Rider,Marvel
Ghost Rider 2099,Ghost Rider 2099,Marvel
Giant-Man,Giant-Man,Marvel
Gibbon,Gibbon (comics),Marvel
Gibborim,Gibborim (comics),Marvel
Gideon,Gideon (comics),Marvel
Giganto,Giganto,Marvel
Gigantus,Gigantus,Marvel
Gladiator,Gladiator (Melvin Potter),Marvel
Gladiatrix,Gladiatrix (comics),Marvel
Corvus Glaive,Corvus Glaive,Marvel
Glob,Glob (comics),Marvel
Glorian,Glorian,Marvel
Ma Gnucci,Ma Gnucci,Marvel
GoGo Tomago,GoGo Tomago,Marvel
Goddess,Goddess (comics),Marvel
Godzilla,"Godzilla, King of the Monsters (comic book)",Marvel
Golddigger,Femizons,Marvel
Golden Girl,Betsy Ross (comics),Marvel
Golem,Golem (comics),Marvel
Goliath,Goliath (Marvel Comics),Marvel
Vin Gonzales,Vin Gonzales,Marvel
Goom,Goom,Marvel
Gorgilla,Gorgilla,Marvel
Gorgolla,Gorgolla,Marvel
Gorgon,Gorgon (Inhuman),Marvel
Delphyne Gorgon,Delphyne Gorgon,Marvel
Gorilla Girl,Gorilla Girl,Marvel
Gorilla-Man,Gorilla-Man,Marvel
Gorr the God Butcher,Gorr the God Butcher,Marvel
Gorr the Golden Gorilla,Gorr the Golden Gorilla,Marvel
Grand Director,Grand Director,Marvel
Glory Grant,Glory Grant,Marvel
Grasshopper,Grasshopper (comics),Marvel
Graviton,Graviton (comics),Marvel
Gravity,Gravity (comics),Marvel
Graymalkin,Graymalkin,Marvel
Green Goblin,Green Goblin,Marvel
Grey Gargoyle,Grey Gargoyle,Marvel
Jean Grey,Jean Grey,Marvel
Griffin,Griffin (Marvel Comics),Marvel
David Griffith,David Griffith (comics),Marvel
Grim Hunter,Grim Hunter,Marvel
Grim Reaper,Grim Reaper (comics),Marvel
Grindhouse,Grindhouse (comics),Marvel
Grizzly,Grizzly (comics),Marvel
Grog,Grog (Marvel Comics),Marvel
Groot,Groot,Marvel
Guardian_Marvel,Guardian (Marvel Comics),Marvel
Guardsman,Guardsman (comics),Marvel
Jebediah Guthrie,Jebediah Guthrie,Marvel
Henry Peter Gyrich,Henry Peter Gyrich,Marvel
Gwenpool,Gwenpool,Marvel
Hala the Accuser,Hala the Accuser,Marvel
Tadashi Hamada,Tadashi Hamada,Marvel
Cockroach Hamilton,Cockroach Hamilton,Marvel
Justin Hammer,Justin Hammer,Marvel
Hammerhead,Hammerhead (comics),Marvel
Victoria Hand,Victoria Hand (comics),Marvel
Maya Hansen,Maya Hansen,Marvel
Hardball,Hardball (comics),Marvel
Hardshell,Leila Davis,Marvel
Felicity Hardy,Felicity Hardy,Marvel
Hargen the Measurer,Celestials (comics),Marvel
Agatha Harkness,Agatha Harkness,Marvel
Harpoon,Marauders (comics),Marvel
Harrier,Harrier (comics),Marvel
Stephanie Harrington,DP 7,Marvel
Jonas Harrow,Jonas Harrow,Marvel
Hate-Monger,Hate-Monger,Marvel
Hauptmann Deutschland (Captain Germany),Hauptmann Deutschland,Marvel
Havok,Havok (comics),Marvel
Hawkeye,Hawkeye (Clint Barton),Marvel
Gene and Alice Hayes,Pride (comics),Marvel
Haywire,Haywire (comics),Marvel
Mark Hazzard,Mark Hazzard: Merc,Marvel
Headlok,Headlok,Marvel
Headsman,Headsman (comics),Marvel
Hebe,Hebe (Marvel Comics),Marvel
Hecate,Hecate (Marvel Comics),Marvel
Hector,Hector (Pantheon),Marvel
Heimdall,Heimdall (comics),Marvel
Hela,Hela (comics),Marvel
Helix,Helix (Marvel Comics),Marvel
Hellcat,Patsy Walker,Marvel
Hellcow,Hellcow,Marvel
Hellfire,Hellfire (J.T. Slade),Marvel
Hellion,Hellion (comics),Marvel
Hellrazor,Hellrazor,Marvel
Daimon Hellstrom,Daimon Hellstrom,Marvel
Hepzibah,Hepzibah (comics),Marvel
H.E.R.B.I.E.,H.E.R.B.I.E.,Marvel
Hercules,Hercules (Marvel Comics),Marvel
Gregory Herd,Gregory Herd,Marvel
Hermes,Hermes (Marvel Comics),Marvel
Hermod,Hermod (comics),Marvel
Hex,Hex (Marvel Comics),Marvel
High Evolutionary,High Evolutionary,Marvel
Hijacker,Hijacker (comics),Marvel
Maria Hill,Maria Hill,Marvel
Hindsight,Hindsight (comics),Marvel
Hiro-Kala,Hiro-Kala,Marvel
Hiroim,Hiroim,Marvel
Hit-Monkey,Hit-Monkey,Marvel
Hitman,Hitman (Marvel Comics),Marvel
Toni Ho,Toni Ho,Marvel
Anne Marie Hoag,Anne Marie Hoag,Marvel
Hobgoblin,Hobgoblin (comics),Marvel
Cameron Hodge,Cameron Hodge,Marvel
Happy Hogan,Happy Hogan (comics),Marvel
Jeryn Hogarth,Jeryn Hogarth,Marvel
Hogun,Hogun,Marvel
Holocaust,Holocaust (Marvel Comics),Marvel
Lilly Hollister,Menace (Marvel Comics),Marvel
Hollywood,Wonder Man,Marvel
Honey Lemon,Honey Lemon,Marvel
Hood,Hood (comics),Marvel
Hornet,Hornet (comics),Marvel
Howard the Duck,Howard the Duck,Marvel
George Howe,George Howe (comics),Marvel
Hrimhari,Hrimhari,Marvel
Jimmy Hudson,Jimmy Hudson,Marvel
Hugin and Munin,Hugin and Munin (Marvel Comics),Marvel
Hulk,Hulk,Marvel
Hulk 2099,Hulk 2099,Marvel
Hulkling,Hulkling,Marvel
Human Cannonball,Human Cannonball (Marvel Comics),Marvel
Human Fly,Human Fly (comics),Marvel
Human Top,Human Top (David Mitchell),Marvel
Human Torch,Human Torch (android),Marvel
Humbug,Humbug (comics),Marvel
Hummingbird,Hummingbird (comics),Marvel
Humus Sapien,Humus Sapien,Marvel
Huntara,Fantastic Force,Marvel
Henrietta Hunter,Henrietta Hunter,Marvel
Stevie Hunter,Stevie Hunter,Marvel
Huntsman,Huntsman (Cephalus),Marvel
Hurricane,Hurricane (comics),Marvel
Husk,Husk (comics),Marvel
Faiza Hussain,Faiza Hussain,Marvel
Hybrid,Hybrid (Jimmy Marks),Marvel
Hydro-Man,Hydro-Man,Marvel
Hyperion,Hyperion (comics),Marvel
Hypno-Hustler,Hypno-Hustler,Marvel
Hypnotia,Hypnotia,Marvel
Iceman,Iceman (Marvel Comics),Marvel
Idunn,Idunn (comics),Marvel
Ikaris,Ikaris,Marvel
Immortus,Immortus,Marvel
Impossible Man,Impossible Man,Marvel
In-Betweener,In-Betweener,Marvel
Indra,Indra (comics),Marvel
Inertia,Inertia (Marvel Comics),Marvel
Inferno,Inferno (Dante Pertuz),Marvel
Ink,Ink (comics),Marvel
Shola Inkosi,Shola Inkosi,Marvel
Insect Queen,Petra Laskov,Marvel
Invisible Woman,Invisible Woman,Marvel
Ion_Marvel,Ion (Marvel Comics),Marvel
Iron Cross,Iron Cross (Marvel Comics),Marvel
Iron Fist,Iron Fist (comics),Marvel
Iron Lad,Iron Lad,Marvel
Iron Man,Iron Man,Marvel
Iron Man 2020,Iron Man 2020,Marvel
Iron Monger,Iron Monger,Marvel
Iron Patriot,Iron Patriot,Marvel
Ironclad,Ironclad (comics),Marvel
ISAAC,ISAAC (comics),Marvel
Isbisa,Isbisa,Marvel
It! The Living Colossus,It! The Living Colossus,Marvel
J'son of Spartax,J'son (character),Marvel
J2,J2 (comics),Marvel
Jack Flag,Jack Flag,Marvel
Jack Frost,Jack Frost (Marvel Comics),Marvel
Jack O'Lantern_Marvel,Jack O'Lantern (Marvel Comics),Marvel
Jack of Hearts,Jack of Hearts (Marvel Comics),Marvel
Jackal_Marvel,Jackal (Marvel Comics character),Marvel
Jackhammer_Marvel,Jackhammer (comics),Marvel
Jackpot,Jackpot (Marvel Comics),Marvel
Brent Jackson,Brent Jackson,Marvel
J. Jonah Jameson,J. Jonah Jameson,Marvel
John Jameson,John Jameson (comics),Marvel
Jann of the Jungle,Jann of the Jungle,Marvel
Janus,Janus (Marvel Comics),Marvel
Jarella,Jarella,Marvel
Jarvis,J.A.R.V.I.S.,Marvel
Edwin Jarvis,Edwin Jarvis,Marvel
Jerry Jaxon,Jerry Jaxon,Marvel
Jazinda,Jazinda,Marvel
Jester,Jester (Marvel Comics),Marvel
Jetstream,Jetstream (comics),Marvel
Jigsaw,Jigsaw (Marvel Comics),Marvel
Jimmy-6,Jimmy-6,Marvel
Joan,Joan (comics),Marvel
Jocasta,Jocasta (comics),Marvel
John the Skrull,John the Skrull,Marvel
Johnny Dee,Johnny Dee,Marvel
Jolen,Jolen (comics),Marvel
Charlotte Jones,Charlotte Jones (comics),Marvel
Gabe Jones,Gabe Jones,Marvel
Hugh Jones,Hugh Jones (comics),Marvel
Jessica Jones,Jessica Jones,Marvel
Rick Jones,Rick Jones (comics),Marvel
Jubilee,Jubilee (comics),Marvel
Jude the Entropic Man,Jude the Entropic Man,Marvel
Juggernaut,Juggernaut (comics),Marvel
Junior Juniper,Junior Juniper,Marvel
Junta,Junta (comics),Marvel
Justice,Justice (New Universe),Marvel
Kaecilius,Kaecilius,Marvel
Elloe Kaifi,Elloe Kaifi,Marvel
Kala,Kala (comics),Marvel
Jennifer Kale,Jennifer Kale,Marvel
Noble Kale,Noble Kale,Marvel
Kaluu,Kaluu,Marvel
Kamikaze,Kamikaze (comics),Marvel
Garrison Kane,Garrison Kane,Marvel
Kang the Conqueror,Kang the Conqueror,Marvel
Kangaroo,Kangaroo (comics),Marvel
Karkas,Karkas (comics),Marvel
Karma,Karma (comics),Marvel
Karnak,Karnak (comics),Marvel
Karthon the Quester,Karthon the Quester,Marvel
Ka-Zar,Ka-Zar (David Rand),Marvel
Robert Kelly,Robert Kelly (comics),Marvel
Kestrel,Kestrel (Marvel Comics),Marvel
Kamala Khan,Kamala Khan,Marvel
Khonshu,Khonshu (Marvel Comics),Marvel
KIA,KIA (comics),Marvel
Kiber the Cruel,Kiber the Cruel,Marvel
Kid Cassidy,Kid Cassidy,Marvel
Kid Colt,Kid Colt,Marvel
Kid Kaiju,Kid Kaiju,Marvel
Kid Omega,Kid Omega,Marvel
Killer Shrike,Killer Shrike,Marvel
Aldrich Killian,Aldrich Killian,Marvel
Erik Killmonger,Erik Killmonger,Marvel
Killpower,Killpower,Marvel
Killraven,Killraven,Marvel
Kimura,Kimura (comics),Marvel
Kindred,Harry Osborn,Marvel
Hannibal King,Hannibal King,Marvel
King Bedlam,King Bedlam,Marvel
Kingmaker,Kingmaker (comics),Marvel
Kingpin,Kingpin (comics),Marvel
Roderick Kingsley,Roderick Kingsley,Marvel
Kismet,Kismet (Marvel Comics),Marvel
Kiwi Black,Kiwi Black,Marvel
Klaatu,Klaatu (comics),Marvel
Klaw,Klaw (Marvel Comics),Marvel
Kleinstocks,Kleinstocks,Marvel
Misty Knight,Misty Knight,Marvel
Knull,Knull (comics),Marvel
Eric Koenig,Eric Koenig,Marvel
Komodo,Komodo (comics),Marvel
Korath the Pursuer,Korath the Pursuer,Marvel
Korg,Korg (comics),Marvel
Korrek,Korrek,Marvel
Korvac,Korvac,Marvel
Korvus,Korvus (comics),Marvel
Kraglin Obfonteri,Kraglin,Marvel
Kraken,Daniel Whitehall,Marvel
Krakoa,Krakoa,Marvel
Krang,Krang (Marvel Comics),Marvel
Kraven the Hunter,Kraven the Hunter,Marvel
Kro,Kro (comics),Marvel
Krystalin,Krystalin,Marvel
Kull,Kull (comics),Marvel
Kylun,Kylun,Marvel
La Lunatica,La Lunatica,Marvel
Lacuna,Lacuna (comics),Marvel
Lady Bullseye,Lady Bullseye,Marvel
Lady Deathstrike,Lady Deathstrike,Marvel
Lady Dorma,Lady Dorma,Marvel
Lady Grey,Lady Grey (comics),Marvel
Lady Lotus,Lady Lotus,Marvel
Lady Mastermind,Lady Mastermind,Marvel
Lady Octopus,Lady Octopus,Marvel
Lamprey,Lamprey (comics),Marvel
Steven Lang,Steven Lang (comics),Marvel
Laufey,Laufey (comics),Marvel
Morgan le Fay,Morgan le Fay (Marvel Comics),Marvel
Leader,Leader (comics),Marvel
Leech,Leech (comics),Marvel
Ned Leeds,Ned Leeds,Marvel
Left-Winger,Left-Winger (comics),Marvel
Prudence Leighton,Prudence Leighton,Marvel
Lei Kung,Lei Kung (comics),Marvel
Leir,Leir (Marvel Comics),Marvel
Harry Leland,Harry Leland,Marvel
Leo,Leo (comics),Marvel
Leper Queen,Leper Queen,Marvel
Letha,Letha (comics),Marvel
Libra,Libra (Marvel Comics),Marvel
Lifeform,Lifeform (comics),Marvel
Lifeguard,Lifeguard (comics),Marvel
Lightmaster,Lightmaster,Marvel
Tommy Lightning,Crusaders (Marvel Comics),Marvel
Lightspeed,Julie Power,Marvel
Lilith,Lilith (Marvel Comics),Marvel
Lionheart,Lionheart (comics),Marvel
Litterbug,Litterbug (comics),Marvel
Living Brain,Living Brain,Marvel
Living Laser,Living Laser,Marvel
Living Lightning,Living Lightning,Marvel
Living Monolith,Living Monolith,Marvel
Living Tribunal,Living Tribunal,Marvel
Lizard,Lizard (comics),Marvel
Llyra,Llyra,Marvel
Loa,Loa (comics),Marvel
Maximus Lobo,Maximus Lobo,Marvel
Lobo Brothers,Lobo Brothers,Marvel
Lockheed,Lockheed (comics),Marvel
Lockjaw,Lockjaw (comics),Marvel
Locus,Locus (comics),Marvel
Locust,Locust (comics),Marvel
Lodestone,Lodestone (comics),Marvel
Loki,Loki (Marvel Comics),Marvel
Raza Longknife,Raza Longknife,Marvel
Longshot,Longshot (Marvel Comics),Marvel
Lord Chaos,Lord Chaos (Marvel Comics),Marvel
Lord Dark Wind,Lord Dark Wind,Marvel
Lord Deathstrike,Hellfire Club (comics),Marvel
Andy Lorimer,Andy Lorimer,Marvel
Lorna the Jungle Girl,Lorna the Jungle Girl,Marvel
Lorelei,Lorelei (Mutate),Marvel
Nancy Lu,Nancy Lu,Marvel
Lucifer_Marvel,Lucifer (Marvel Comics),Marvel
Lucy in the Sky,Karolina Dean,Marvel
Aleksander Lukin,Aleksander Lukin,Marvel
Willie Lumpkin,Willie Lumpkin,Marvel
Lunatik,Lunatik,Marvel
Lupo,Lupo (comics),Marvel
Lurking Unknown,Lurking Unknown,Marvel
Lyja,Lyja,Marvel
Gideon Mace,Gideon Mace,Marvel
Jason Macendale,Jason Macendale,Marvel
Mach-VI,Abner Jenkins,Marvel
Machete,Machete (comics),Marvel
Machine Man,Machine Man,Marvel
Machine Teen,Machine Teen,Marvel
Machinesmith,Machinesmith,Marvel
Al MacKenzie,Al MacKenzie,Marvel
Moira MacTaggart,Moira MacTaggart,Marvel
Mad Dog,Mad Dog (Marvel Comics),Marvel
Mad Dog Rassitano,Mad Dog Rassitano,Marvel
Mad Thinker,Mad Thinker,Marvel
Madame Hydra,Madame Hydra,Marvel
Madame Masque,Madame Masque,Marvel
Madame Menace,Sunset Bain,Marvel
Madame Web,Madame Web,Marvel
Madcap,Madcap (comics),Marvel
Madman,Madman (Marvel Comics),Marvel
Maelstrom,Maelstrom (comics),Marvel
Maestro,Maestro (comics),Marvel
Maggott,Maggott,Marvel
Magician,Magician (comics),Marvel
Magik,Magik (comics),Marvel
Magique,Magique,Marvel
Magma,Magma (Jonathan Darque),Marvel
Magneto,Magneto (Marvel Comics),Marvel
Magnir,Enchanters Three,Marvel
Mahkizmo,Mahkizmo,Marvel
Brett Mahoney,Brett Mahoney,Marvel
Mahr Vehl,Mahr Vehl,Marvel
Major Mapleleaf,Major Mapleleaf,Marvel
Maker,Maker (Reed Richards),Marvel
Makkari,Makkari (comics),Marvel
Malekith the Accursed,Malekith the Accursed,Marvel
Malice,Malice (comics),Marvel
Karl Malus,Karl Malus,Marvel
Mammomax,Mammomax,Marvel
Man-Ape,Man-Ape,Marvel
Man-Beast,Man-Beast,Marvel
Man-Bull,Man-Bull,Marvel
Man-Elephant,Man-Elephant,Marvel
Man-Killer,Man-Killer,Marvel
Man Mountain Marko,Man Mountain Marko,Marvel
Man-Spider,Spider-Man,Marvel
Man-Thing,Man-Thing,Marvel
Victor Mancha,Victor Mancha,Marvel
Mandarin,Mandarin (comics),Marvel
Mandrill,Mandrill (comics),Marvel
Dino Manelli,Dino Manelli,Marvel
Mangog,Mangog,Marvel
Manifold,Manifold (comics),Marvel
Manikin,Manikin (comics),Marvel
Manphibian,Manphibian,Marvel
Mantis,Mantis (Marvel Comics),Marvel
Anna Maria Marconi,Anna Maria Marconi,Marvel
Marrow,Marrow (comics),Marvel
Martinex,Martinex,Marvel
Martyr,Phyla-Vell,Marvel
Marvel Boy,Marvel Boy (Robert Grayson),Marvel
Marvelman,Marvelman,Marvel
Masked Marauder,Masked Marauder,Marvel
Masked Raider,Masked Raider,Marvel
Masque,Masque (comics),Marvel
Massacre,Massacre (Marvel Comics),Marvel
Mass Master,Jack Power (Marvel Comics),Marvel
Master Izo,Master Izo,Marvel
Master Khan,Master Khan,Marvel
Master Man,Master Man (Marvel Comics),Marvel
Master Menace,Master Menace,Marvel
Master Mold,Master Mold,Marvel
Master of the World,Master of the World (comics),Marvel
Master Pandemonium,Master Pandemonium,Marvel
Mastermind,Mastermind (Jason Wyngarde),Marvel
Alicia Masters,Alicia Masters,Marvel
Matador,Matador (Marvel Comics),Marvel
Match,Match (Marvel Comics),Marvel
Mathemaniac,Mathemanic,Marvel
Mauler,Mauler (comics),Marvel
Maverick,David North (comics),Marvel
Robert Maverick,Robert Maverick,Marvel
Ebony Maw,Ebony Maw,Marvel
Luna Maximoff,Luna Maximoff,Marvel
Maximus the Mad,Maximus (comics),Marvel
Melinda May,Melinda May,Marvel
Mayhem,Mayhem (comics),Marvel
Kenny McFarlane,Kenny McFarlane,Marvel
Meanstreak,Meanstreak (comics),Marvel
Medusa,Medusa (comics),Marvel
Harold Meachum,Harold Meachum,Marvel
Ward Meachum,Ward Meachum,Marvel
Meggan,Meggan (character),Marvel
Seamus Mellencamp,Seamus Mellencamp,Marvel
Melter,Melter,Marvel
Mentallo,Mentallo,Marvel
Mentor,Mentor (A'lars),Marvel
Mephisto,Mephisto (comics),Marvel
Mercurio the 4-D Man,Mercurio the 4-D Man,Marvel
Mercury,Mercury (Marvel Comics),Marvel
Merlin,Merlin (Marvel Comics),Marvel
Merlyn,Merlyn (Marvel Comics),Marvel
Irene Merryweather,Irene Merryweather,Marvel
Mesmero,Mesmero,Marvel
Metal Master,Metal Master (comics),Marvel
Metalhead,Metalhead (comics),Marvel
Meteorite,Karla Sofen,Marvel
Mettle,Mettle (comics),Marvel
Lynn Michaels,Lynn Michaels,Marvel
Microchip,Microchip (comics),Marvel
Micromax,Micromax,Marvel
Midas,Midas (comics),Marvel
Midgard Serpent,Midgard Serpent (comics),Marvel
Proxima Midnight,Proxima Midnight,Marvel
Midnight Sun,Midnight Sun (Marvel Comics),Marvel
Midnight Fire,Midnight's Fire,Marvel
Miek,Miek,Marvel
Milan,Milan (comics),Marvel
Millie the Model,Millie the Model,Marvel
Mimic,Mimic (comics),Marvel
Mind-Wave,Mind-Wave,Marvel
Mindless Ones,Mindless Ones,Marvel
Nico Minoru,Nico Minoru,Marvel
Robert and Tina Minoru,Pride (comics),Marvel
Minotaur,Minotaur (comics),Marvel
Miracle Man,Miracle Man,Marvel
Mirage,Mirage (Marvel Comics),Marvel
Miss America,Miss America (Madeline Joyce),Marvel
Miss Arrow,Miss Arrow,Marvel
Missing Link,Missing Link (comics),Marvel
Mister Fantastic,Mister Fantastic,Marvel
Mister Fear,Mister Fear,Marvel
Mister Fish,Mr. Fish,Marvel
Mister Gideon,Gamma Corps,Marvel
Mister Hyde,Mister Hyde (comics),Marvel
Mister Immortal,Mister Immortal,Marvel
Mister Jip,Mister Jip,Marvel
Mister M,Mister M (comics),Marvel
Mister Negative,Mister Negative,Marvel
Mister Sensitive,Mister Sensitive,Marvel
Mister Sinister,Mister Sinister,Marvel
Mister X,Mister X (Marvel Comics),Marvel
Yorkie Mitchell,Yorkie Mitchell,Marvel
MJ,MJ (Marvel Cinematic Universe),Marvel
Mockingbird,Mockingbird (Marvel Comics),Marvel
MODAM,MODAM,Marvel
Max Modell,Max Modell,Marvel
MODOK,MODOK,Marvel
Modred the Mystic,Modred the Mystic,Marvel
Modular Man,Modular Man,Marvel
Mojo,Mojo (comics),Marvel
Mole Man,Mole Man,Marvel
Molecule Man,Molecule Man,Marvel
Molten Man,Molten Man,Marvel
Mongoose,Mongoose (comics),Marvel
Monsteroso,Monsteroso,Marvel
Montana,Montana (comics),Marvel
Moon-Boy,Moon-Boy,Marvel
Moondragon,Moondragon,Marvel
Moon Girl,Moon Girl (Marvel Comics),Marvel
Moonglow,Moonglow (comics),Marvel
Moon Knight,Moon Knight,Marvel
Danielle Moonstar,Danielle Moonstar,Marvel
Moonstone,Lloyd Bloch,Marvel
Miles Morales,Spider-Man (Miles Morales),Marvel
"Morbius, the Living Vampire","Morbius, the Living Vampire",Marvel
Mordred,Mordred (comics),Marvel
David Moreau,David Moreau,Marvel
Morg,MOR103,Marvel
Jim Morita,Jim Morita,Marvel
Morlun,Morlun,Marvel
Morning Star,Morning Star (comics),Marvel
Morph,Morph (comics),Marvel
Morpheus,Morpheus (Marvel Comics),Marvel
Morrat,Morrat,Marvel
Mortis,Lois London,Marvel
Mother Night,Mother Night (comics),Marvel
Motormouth,Motormouth (comics),Marvel
Mountjoy,Mountjoy (comics),Marvel
Alyssa Moy,Alyssa Moy,Marvel
Ms. Marvel,Ms. Marvel,Marvel
Multiple Man,Jamie Madrox,Marvel
Jack Murdock,Jack Murdock (comics),Marvel
Maggie Murdock,Maggie Murdock,Marvel
Matt Murdock,Daredevil (Marvel Comics character),Marvel
Mike Murdock,Mike Murdock,Marvel
Murmur,Murmur (Marvel Comics),Marvel
Junzo Muto,Junzo Muto,Marvel
Mysterio(n),Mysterio,Marvel
Mystique,Mystique (comics),Marvel
N'astirh,N'astirh,Marvel
N'Garai,N'Garai,Marvel
"N'Kantu, the Living Mummy","N'Kantu, the Living Mummy",Marvel
Naga,Naga (Marvel Comics),Marvel
Nahrees,Nahrees (comics),Marvel
Namor the Sub-Mariner,Namor the Sub-Mariner,Marvel
Namora,Namora,Marvel
Namorita,Namorita,Marvel
Native,Native (comics),Marvel
Nebula,Nebula (comics),Marvel
NFL SuperPro,NFL SuperPro,Marvel
Night Nurse,Night Nurse (comics),Marvel
Night Thrasher,Night Thrasher (Dwayne Taylor),Marvel
Nightcrawler,Nightcrawler (comics),Marvel
Nighthawk_Marvel,Nighthawk (Marvel Comics),Marvel
Nightmare,Nightmare (Marvel Comics),Marvel
Nightmask,Nightmask,Marvel
Nightshade_Marvel,Nightshade (Marvel Comics),Marvel
Nightside,Nightside (comics),Marvel
Nightwatch,Nightwatch (comics),Marvel
Nikki,Nikki (comics),Marvel
Tana Nile,Tana Nile,Marvel
Nimrod,Nimrod (comics),Marvel
Nitro,Nitro (comics),Marvel
Kiden Nixon,Kiden Nixon,Marvel
No-Name,No-Name,Marvel
Nocturne,Nocturne (Talia Wagner),Marvel
Nomad,Nomad (comics),Marvel
Dakota North,Dakota North (comics),Marvel
Northstar,Northstar (Marvel Comics),Marvel
Nova,Nova (Frankie Raye),Marvel
Cassandra Nova,Cassandra Nova,Marvel
Nth Man,Nth Man,Marvel
Nuke,Nuke (Marvel Comics),Marvel
Nuklo,Nuklo,Marvel
Randy O'Brien,Randy O'Brien,Marvel
Alfie O'Meggan,Alfie O'Meggan,Marvel
Solomon O'Sullivan,Solomon O'Sullivan,Marvel
Obituary,Obituary (comics),Marvel
Obliterator,Obliterator (comics),Marvel
Obnoxio the Clown,Obnoxio the Clown,Marvel
Occulus,Occulus,Marvel
Ocean,Ocean (Marvel Comics),Marvel
Ocelot,Ocelot (comics),Marvel
Oddball,Oddball (comics),Marvel
Odin,Odin (comics),Marvel
Aleta Ogord,Aleta Ogord,Marvel
Ogre,Ogre (Marvel Comics),Marvel
Ogress,Ogress (comics),Marvel
Old Lace,Old Lace (comics),Marvel
Old Man Logan,Old Man Logan,Marvel
Omega,Omega (Marvel Comics),Marvel
Omega Red,Omega Red,Marvel
Omega the Unknown,Omega the Unknown,Marvel
Omerta,Paulie Provenzano,Marvel
Onyxx,Onyxx,Marvel
Ooze,Ooze (comics),Marvel
Opsidian,Gene Nation,Marvel
Optoman,Optoman,Marvel
Oracle,Oracle (Marvel Comics),Marvel
Orator,Orator (comics),Marvel
Orb,Orb (comics),Marvel
Orbit,Orbit (comics),Marvel
Orchid,Orchid (comics),Marvel
Ord,Ord (comics),Marvel
Orka,Orka (comics),Marvel
Orphan,Orphan (Marvel Comics),Marvel
Orphan-Maker,Orphan-Maker,Marvel
Orrgo,Orrgo,Marvel
Ismael Ortega,Ismael Ortega,Marvel
Harry Osborn,Harry Osborn,Marvel
Norman Osborn,Norman Osborn,Marvel
Normie Osborn,Normie Osborn,Marvel
Oshtur,Oshtur,Marvel
Osiris,Osiris (Marvel Comics),Marvel
Otomo,Otomo (comics),Marvel
Outlaw,Outlaw (comics),Marvel
Outlaw Kid,Outlaw Kid,Marvel
Overdrive,Overdrive (comics),Marvel
Overkill,Overkill (comics),Marvel
Overmind,Overmind (comics),Marvel
Ozone,Ozone (comics),Marvel
Owl,Owl (Marvel Comics),Marvel
Ox,Ox (comics),Marvel
Oya,Oya (comics),Marvel
Karen Page,Karen Page,Marvel
Paladin,Paladin (comics),Marvel
Pandemic,Pandemic (comics),Marvel
Paradigm,Paradigm (comics character),Marvel
Paris,Paris (Marvel Comics),Marvel
Benjy Parker,Benjamin Richard Parker,Marvel
Ben Parker,Uncle Ben,Marvel
Kaine Parker,Kaine Parker,Marvel
Richard and Mary Parker,Richard and Mary Parker,Marvel
Pasco,Pasco (comics),Marvel
Patriot,Patriot (comics),Marvel
Peepers,Peepers (Marvel Comics),Marvel
Penance,Penance (X-Men),Marvel
Peregrine,Peregrine (comics),Marvel
Persuasion,Persuasion (comics),Marvel
Perun,Perun (comics),Marvel
Pestilence,Pestilence (comics),Marvel
Mike Peterson,Deathlok (Michael Peterson),Marvel
Phantazia,Phantazia,Marvel
Phantom Eagle,Phantom Eagle,Marvel
Phantom Reporter,Phantom Reporter,Marvel
Phantom Rider,Phantom Rider,Marvel
Phaser,Phaser (comics),Marvel
Phastos,Phastos,Marvel
Phat,Phat (comics),Marvel
Phobos,Phobos (Marvel Comics),Marvel
Phone Ranger,Phone Ranger,Marvel
Piecemeal,Proteus (Marvel Comics),Marvel
Alexander Goodwin Pierce,Alexander Goodwin Pierce,Marvel
Donald Pierce,Donald Pierce,Marvel
Piledriver,Piledriver (comics),Marvel
Pink Pearl,Pink Pearl (comics),Marvel
Pinky Pinkerton,Pinky Pinkerton,Marvel
Pip the Troll,Pip the Troll,Marvel
Pipeline,Pipeline (comics),Marvel
Piranha,Piranha (comics),Marvel
Pisces,Pisces (comics),Marvel
Pixie,Pixie (X-Men),Marvel
Plantman,Plantman,Marvel
Plunderer,Plunderer (comics),Marvel
Pluto,Pluto (Marvel Comics),Marvel
Pod,Pod (comics),Marvel
Polestar,Polestar (comics),Marvel
Porcupine,Porcupine (comics),Marvel
Portal,Portal (comics),Marvel
Possessor,Possessor (comics),Marvel
Postman,Postman (comics),Marvel
Pepper Potts,Pepper Potts,Marvel
Poundcakes,Poundcakes,Marvel
Powderkeg,Powderkeg (character),Marvel
Power Broker,Power Broker (character),Marvel
Power Man,Power Man (Victor Alvarez),Marvel
Power Princess,Power Princess,Marvel
Powerhouse,Powerhouse (comics),Marvel
Predator X,Predator X (Marvel Comics),Marvel
Prester John,Prester John (comics),Marvel
Pretty Boy,Pretty Boy (comics),Marvel
Pretty Persuasions,Pretty Persuasions,Marvel
Preview,Preview (comics),Marvel
Primus,Primus (Marvel Comics),Marvel
Princess Python,Princess Python,Marvel
Prism,Prism (comics),Marvel
Proctor,Proctor (comics),Marvel
Prodigy,Prodigy (Ritchie Gilmore),Marvel
Professor Power,Professor Power,Marvel
Professor Thornton,Professor Thornton,Marvel
The Profile,The Profile,Marvel
Prometheus,Prometheus (Marvel Comics),Marvel
Proteus,Proteus (Marvel Comics),Marvel
Protocide,Protocide,Marvel
Prowler,Prowler (Marvel Comics),Marvel
Kitty Pryde,Kitty Pryde,Marvel
Madelyne Pryor,Madelyne Pryor,Marvel
Psi-Hawk,Psi-Hawk,Marvel
Psycho-Man,Psycho-Man,Marvel
Psyklop,Psyklop,Marvel
Psylocke (Betsy Braddock),Betsy Braddock,Marvel
Psylocke (Kwannon),Kwannon (character),Marvel
Puck,Puck (Marvel Comics),Marvel
Puff Adder,Puff Adder (comics),Marvel
Pulsar,Pulsar (Marvel Comics),Marvel
Pulse,Pulse (Augustus),Marvel
Puma,Puma (comics),Marvel
Punchout,Punchout (comics),Marvel
Punisher,Punisher,Marvel
Punisher 2099,Punisher 2099,Marvel
Puppet Master,Puppet Master (Marvel Comics),Marvel
Purple Man,Purple Man,Marvel
Henry Pym,Henry Pym,Marvel
Hope Pym,Hope Pym,Marvel
Pyre,Pyre (comics),Marvel
Pyro,Pyro (Marvel Comics),Marvel
Quake,Daisy Johnson,Marvel
Clay Quartermain,Clay Quartermain,Marvel
Quasar,Quasar (comics),Marvel
Quicksilver,Quicksilver (comics),Marvel
Raa of the Caves,Raa of the Caves,Marvel
Holden Radcliffe,Holden Radcliffe,Marvel
Radioactive Man,Radioactive Man (comics),Marvel
Radius,Radius (comics),Marvel
Rage,Rage (comics),Marvel
Ragnarok,Ragnarok (comics),Marvel
Tamara Rahn,Tamara Rahn,Marvel
Raiders,Raiders (comics),Marvel
Rakkus,Rakkus,Marvel
Rebel Ralston,Rebel Ralston,Marvel
Rampage,Rampage (Marvel Comics),Marvel
Random,Random (comics),Marvel
Kavita Rao,Kavita Rao,Marvel
Monica Rappaccini,Monica Rappaccini,Marvel
Mikhail Rasputin,Mikhail Rasputin,Marvel
Rattler,Rattler (comics),Marvel
Ravage,Ravage (Marvel Comics),Marvel
Ravage 2099,Ravage 2099,Marvel
Ravonna,Ravonna,Marvel
Rawhide Kid,Rawhide Kid,Marvel
Razor Fist,Razor Fist,Marvel
Razorback,Razorback (comics),Marvel
Recorder 451,Recorder 451,Marvel
Red Barbarian,Red Barbarian,Marvel
Red Ghost,Red Ghost (character),Marvel
Red Guardian,Red Guardian,Marvel
Red Hulk,Red Hulk,Marvel
Red Nine,Red Nine,Marvel
Red Raven,Red Raven (Marvel Comics),Marvel
Red Ronin,Red Ronin,Marvel
Red She-Hulk,Betty Ross,Marvel
Red Shift,Red Shift (comics),Marvel
Red Skull,Red Skull,Marvel
Red Sonja,Red Sonja,Marvel
Red Wolf,Red Wolf (comics),Marvel
Redstone,Redstone (comics),Marvel
Redwing,Redwing (Marvel Comics),Marvel
Reignfire,Reignfire,Marvel
Ben Reilly,Ben Reilly,Marvel
Reptil,Reptil,Marvel
Reptyl,Reptyl,Marvel
Clive Reston,Clive Reston,Marvel
Rev,Rev (comics),Marvel
Revanche,Revanche (Marvel Comics),Marvel
Cecilia Reyes,Cecilia Reyes,Marvel
Rhapsody,Rhapsody (comics),Marvel
Rhino,Rhino (comics),Marvel
Val Rhymin,Val Rhymin,Marvel
Franklin Richards,Franklin Richards (Fantastic Four),Marvel
Nathaniel Richards,Nathaniel Richards (Marvel Comics),Marvel
Valeria Richards,Valeria Richards,Marvel
Molly von Richthofen,Molly von Richthofen,Marvel
Ricochet,Ricochet (comics),Marvel
Rictor,Rictor,Marvel
Ringer,Ringer (comics),Marvel
Ringmaster,Ringmaster (comics),Marvel
Ringo Kid,Ringo Kid,Marvel
Dallas Riordan,Dallas Riordan,Marvel
Riptide,Riptide (comics),Marvel
Deborah Risman,Deborah Risman,Marvel
Matthew Risman,Matthew Risman,Marvel
Risque,Risque (comics),Marvel
Donald & Deborah Ritter,Donald & Deborah Ritter,Marvel
Robbie Robertson,Robbie Robertson (comics),Marvel
Randy Robertson,Randy Robertson,Marvel
Rock Python,Rock Python,Marvel
Rocket Raccoon,Rocket Raccoon,Marvel
Rocket Racer,Rocket Racer,Marvel
Rocketeers,Rocketeers (comics),Marvel
Rocketlauncher,Death Squad (comics),Marvel
Rockman,Rockman (comics),Marvel
Rockslide,Rockslide (comics),Marvel
Rodstvow,Rodstvow,Marvel
Rogue,Rogue (comics),Marvel
Rom,Rom (comics),Marvel
Roma,Roma (comics),Marvel
Romulus,Romulus (Marvel Comics),Marvel
Ronan the Accuser,Ronan the Accuser,Marvel
Ronin,Ronin (Marvel Comics),Marvel
Richard Rory,Richard Rory,Marvel
Roughouse,Roughouse,Marvel
Royal Roy,Royal Roy,Marvel
Ruby Thursday,Ruby Thursday,Marvel
Ruckus,Ruckus (comics),Marvel
Runner,Runner (comics),Marvel
Henry Russo,Henry Russo,Marvel
The Russian,Russian (comics),Marvel
Ryder,Skrull Kill Krew,Marvel
John Ryker,John Ryker,Marvel
Sabra,Sabra (comics),Marvel
Sabretooth,Sabretooth (comics),Marvel
Sage,Sage (comics),Marvel
Sagittarius,Sagittarius (comics),Marvel
Sandman,Sandman (Marvel Comics),Marvel
Sangre,Sangre (comics),Marvel
Sasquatch,Sasquatch (comics),Marvel
Sat-Yr-9,Sat-Yr-9,Marvel
Satana,Satana (Marvel Comics),Marvel
Satannish,Satannish,Marvel
Saturnyne,Saturnyne,Marvel
Saul,Saul (comics),Marvel
Sauron,Sauron (comics),Marvel
Happy Sam Sawyer,Happy Sam Sawyer,Marvel
Scaleface,Scaleface,Marvel
Scalphunter,Scalphunter (Marvel Comics),Marvel
Scarecrow,Scarecrow (Marvel Comics),Marvel
Scarlet Scarab,Scarlet Scarab,Marvel
Scarlet Spider,Scarlet Spider,Marvel
Scarlet Witch,Scarlet Witch,Marvel
Scientist Supreme,Scientist Supreme,Marvel
Scimitar,Scimitar (Marvel Comics),Marvel
Scorcher,Scorcher (comics),Marvel
Scorpia,Scorpia (comics),Marvel
Scorpio,Scorpio (Marvel Comics),Marvel
Scorpion,Scorpion (Marvel Comics),Marvel
Scourge of the Underworld,Scourge of the Underworld,Marvel
Scramble,Scramble (comics),Marvel
Scrambler,Scrambler (comics),Marvel
Nicholas Scratch,Nicholas Scratch,Marvel
Scream,Scream (comics),Marvel
Scribe,Scribe (comics),Marvel
Scuzz,Scuzz (comics),Marvel
Selene,Selene (comics),Marvel
Erik Selvig,Erik Selvig,Marvel
Se単or Muerte _ Se単or Suerte,Se単or Muerte / Se単or Suerte,Marvel
Sentinel,Sentinel (comics),Marvel
Sentry,Sentry (comics),Marvel
Sequoia,Sequoia (comics),Marvel
Serafina,Serafina (Marvel),Marvel
Serpentina,Serpentina (comics),Marvel
Sersi,Sersi,Marvel
Juston Seyfert,Juston Seyfert,Marvel
Shadow King,Shadow King,Marvel
Shalla-Bal,Shalla-Bal,Marvel
Shaman,Shaman (comics),Marvel
Shamrock,Shamrock (comics),Marvel
Shang-Chi,Shang-Chi,Marvel
Shanna the She-Devil,Shanna the She-Devil,Marvel
Karima Shapandar,Karima Shapandar,Marvel
Shape,Shape (comics),Marvel
Shaper of Worlds,Shaper of Worlds,Marvel
Shard,Shard (comics),Marvel
Miriam Sharpe,Miriam Sharpe,Marvel
Shathra,Shathra,Marvel
Shatter,Shatter (comics),Marvel
Shatterstar,Shatterstar,Marvel
Jacob Shaw,Jacob Shaw (comics),Marvel
Sebastian Shaw,Sebastian Shaw (comics),Marvel
Shinobi Shaw,Shinobi Shaw,Marvel
She-Hulk,She-Hulk,Marvel
She-Venom,Anne Weying,Marvel
Shellshock,Shellshock (Marvel Comics),Marvel
Shepard,Shepard (comics),Marvel
Lotus Shinchuko,Lotus Shinchuko,Marvel
Randall Shire,Randall Shire,Marvel
Shiva,Shiva (Marvel Comics),Marvel
Shocker,Shocker (comics),Marvel
Shockwave,Shockwave (comics),Marvel
Shooting Star,Shooting Star (comics),Marvel
Shortpack,Shortpack,Marvel
Shrew,Shrew (comics),Marvel
Shriek,Shriek (comics),Marvel
Shriker,Shriker,Marvel
Shroud,Shroud (comics),Marvel
Shuma-Gorath,Shuma-Gorath,Marvel
Sidewinder,Sidewinder (comics),Marvel
Siege,Siege (John Kelly),Marvel
Sif,Sif (comics),Marvel
Sigyn,Sigyn (Marvel Comics),Marvel
Silencer,Silencer (comics),Marvel
Silhouette,Silhouette (comics),Marvel
Silk,Silk (comics),Marvel
Samuel Silke,Samuel Silke,Marvel
Silver Dagger,Silver Dagger (comics),Marvel
Silver Fox,Silver Fox (comics),Marvel
Silver Sable,Silver Sable,Marvel
Silver Samurai,Silver Samurai,Marvel
Silver Surfer,Silver Surfer,Marvel
Silverclaw,Silverclaw,Marvel
Silvermane,Silvermane,Marvel
Jemma Simmons,Jemma Simmons,Marvel
Sin_Marvel,Sin (Marvel Comics),Marvel
Sin-Eater,Sin-Eater (comics),Marvel
Sirocco,Sirocco (comics),Marvel
Siryn,Siryn,Marvel
Jasper Sitwell,Jasper Sitwell,Marvel
Skaar,Skaar (character),Marvel
Skein,Skein (comics),Marvel
Skids,Skids (comics),Marvel
Skin,Skin (Marvel Comics),Marvel
Skinner,Skinner (comics),Marvel
Skornn,Skornn,Marvel
Skrullian Skymaster,Skrullian Skymaster,Marvel
Skull the Slayer,Skull the Slayer,Marvel
Skullbuster,Skullbuster,Marvel
Skullfire,Skullfire,Marvel
Skybolt,Redneck (comics),Marvel
Skyhawk,Skyhawk (comics),Marvel
Slab,Slab (comics),Marvel
Margaret Slade,Margaret Slade (Marvel Comics),Marvel
Slapstick,Slapstick (comics),Marvel
Slash,Slash (Marvel Comics),Marvel
Trevor Slattery,Trevor Slattery,Marvel
Slaymaster,Slaymaster,Marvel
Sleeper,Sleeper (Marvel Comics),Marvel
Sleepwalker,Sleepwalker (comics),Marvel
Slipstream,Slipstream (comics),Marvel
Slither,Slither (comics),Marvel
Slingshot,Yo-Yo Rodriguez,Marvel
Slug,Slug (comics),Marvel
Slyde,Slyde,Marvel
Marrina Smallwood,Marrina Smallwood,Marvel
Smartship Friday,Smartship Friday,Marvel
Smasher,Smasher (Marvel Comics),Marvel
Smiling Tiger,Smiling Tiger,Marvel
Smuggler,Smuggler (comics),Marvel
Alistair Smythe,Alistair Smythe,Marvel
Spencer Smythe,Spencer Smythe,Marvel
Snake Marston,Snake Marston (comics),Marvel
Snapdragon,Snapdragon (comics),Marvel
Snowbird,Snowbird (comics),Marvel
Tildie Soames,Tildie Soames,Marvel
Martin Soap,Martin Soap,Marvel
Solarman,Solarman,Marvel
Solo,Solo (Marvel Comics),Marvel
Solomon Kane,Solomon Kane (comics),Marvel
Songbird,Songbird (comics),Marvel
Southpaw,Southpaw (comics),Marvel
SP__dr,Peni Parker,Marvel
Speed,Speed (comics),Marvel
Speed Demon_Marvel,Speed Demon (comics),Marvel
Speedball,Robbie Baldwin,Marvel
Sphinx,Sphinx (Marvel Comics),Marvel
Spider-Girl,Spider-Girl (Mayday Parker),Marvel
Spider-Ham,Spider-Ham,Marvel
Spider-Man,Spider-Man (Pavitr Prabhakar),Marvel
Spider-Man 2099,Spider-Man 2099,Marvel
Spider-Punk,Spider-Punk,Marvel
Spider-Slayer,Spider-Slayer,Marvel
Spider-UK,Spider-UK,Marvel
Spider-Woman,Spider-Woman,Marvel
Spidercide,Spidercide,Marvel
Spike,Spike (Marvel Comics),Marvel
Spiral,Spiral (comics),Marvel
Spirit of '76,Spirit of '76 (Marvel Comics),Marvel
Spitfire,Spitfire (comics),Marvel
Spoilsport,Spoilsport (comics),Marvel
Spoor,Spoor (comics),Marvel
Spot,Spot (comics),Marvel
Sprite,Sprite (Eternal),Marvel
Sprocket,Sprocket (comics),Marvel
Sputnik,Sputnik (comics),Marvel
Spyder,Spyder (comics),Marvel
Spyke,Spyke,Marvel
Spymaster,Spymaster (comics),Marvel
Spyne,Spyne,Marvel
Squirrel Girl,Squirrel Girl,Marvel
Squid,Squid (Marvel Comics),Marvel
Squidboy,Squidboy,Marvel
Gabriel and Sarah Stacy,Gabriel Stacy and Sarah Stacy,Marvel
George Stacy,George Stacy,Marvel
Gwen Stacy,Gwen Stacy,Marvel
Stacy X,Stacy X,Marvel
Stained Glass Scarlet,Stained Glass Scarlet,Marvel
Zeke Stane,Zeke Stane,Marvel
Star Brand,Star Brand,Marvel
Star-Lord,Star-Lord,Marvel
Star Thief,Star Thief,Marvel
Stardust,Stardust (Marvel Comics),Marvel
Starfox,Starfox (comics),Marvel
Starhawk,Starhawk (comics),Marvel
Starlight,Starlight (Marvel Comics),Marvel
Arno Stark,Arno Stark,Marvel
Howard Stark,Howard Stark,Marvel
Maria Stark,Maria Stark,Marvel
Morgan Stark,Morgan Stark,Marvel
Starr the Slayer,Starr the Slayer,Marvel
Starshine,Starshine (comics),Marvel
Emma Steed,Emma Steed,Marvel
Steel Serpent,Steel Serpent,Marvel
Steel Spider,Steel Spider,Marvel
Steel Wind,Steel Wind,Marvel
Steeplejack,Steeplejack (Marvel Comics),Marvel
Stegron,Stegron,Marvel
Chase Stein,Chase Stein,Marvel
Victor and Janet Stein,Pride (comics),Marvel
Stellaris,Stellaris (comics),Marvel
Stepford Cuckoos,Stepford Cuckoos,Marvel
Stick,Stick (comics),Marvel
Stiletto,Stiletto (comics),Marvel
Farley Stillwell,Farley Stillwell,Marvel
Stilt-Man,Stilt-Man,Marvel
Stinger,Stinger (Marvel Comics),Marvel
Stingray,Stingray (comics),Marvel
Stonecutter,Stonecutter (comics),Marvel
Stonewall,Stonewall (comics),Marvel
Storm,Storm (Marvel Comics),Marvel
Franklin Storm,Franklin Storm,Marvel
Stranger,Stranger (comics),Marvel
Gene Strausser,Damage Control (comics),Marvel
Straw Man,Straw Man (comics),Marvel
Stringfellow,Stringfellow (comics),Marvel
Strobe,Strobe (comics),Marvel
Mendel Stromm,Mendel Stromm,Marvel
Strong Guy,Strong Guy,Marvel
Strongman,Strongman (comics),Marvel
Stryfe,Stryfe,Marvel
William Stryker,William Stryker,Marvel
Stuntmaster,Stunt-Master (comics),Marvel
Styx and Stone,Styx and Stone,Marvel
Subterranea,Subterranea (comics),Marvel
Hope Summers,Hope Summers (comics),Marvel
Ruby Summers,Ruby Summers,Marvel
Lin Sun,Sons of the Tiger,Marvel
Sun Girl,Sun Girl (Marvel Comics),Marvel
Sunfire,Sunfire (comics),Marvel
Sunpyre,Sunpyre,Marvel
Sunspot,Sunspot (comics),Marvel
Sunturion,Sunturion,Marvel
Super-Adaptoid,Super-Adaptoid,Marvel
Super-Patriot,Super-Patriot (Marvel Comics),Marvel
Super Rabbit,Super Rabbit (comics),Marvel
Super Sabre,Super Sabre (comics),Marvel
Super-Skrull,Super-Skrull,Marvel
Supergiant,Supergiant (comics),Marvel
Superia,Superia,Marvel
Supernova_Marvel,Supernova (Marvel Comics),Marvel
Supreme Intelligence,Supreme Intelligence,Marvel
Surtur,Surtur (Marvel Comics),Marvel
Swarm,Swarm (comics),Marvel
Jenny Swensen,Jenny Swensen,Marvel
Beverly Switzler,Beverly Switzler,Marvel
Sword Master,Lin Lie,Marvel
Swordsman,Swordsman (comics),Marvel
Kevin Sydney,Kevin Sydney,Marvel
Sydren,Sydren,Marvel
Synapse,Synapse (comics),Marvel
Synch,Synch (comics),Marvel
T-Ray,T-Ray (comics),Marvel
Tag,Tag (comics),Marvel
Tai,Tai (comics),Marvel
Hiro Takachiho,Hiro Takachiho,Marvel
Glenn Talbot,Glenn Talbot,Marvel
Talisman,Talisman (Alpha Flight),Marvel
Talos the Untamed,Talos the Untamed,Marvel
Tarantula,Tarantula (Marvel Comics),Marvel
Tarzan,Tarzan in comics,Marvel
Taserface,Taserface,Marvel
Taskmaster,Taskmaster (comics),Marvel
Taurus,Taurus (comics),Marvel
Tazza,Tazza (comics),Marvel
Teen Abomination,Teen Abomination,Marvel
Tempest,Angel Salvadore,Marvel
Claire Temple,Claire Temple,Marvel
Tempo,Tempo (comics),Marvel
Tenebrous,Tenebrous (Marvel Comics),Marvel
Terraformer,Terraformer (comics),Marvel
Terrax,Terrax,Marvel
Terror,Terror Inc.,Marvel
Texas Twister,Texas Twister,Marvel
Thanos,Thanos,Marvel
Thena,Thena,Marvel
Therak,Death Web (comics),Marvel
Thermite,Thermite (comics),Marvel
Thin Man,Thin Man (comics),Marvel
Thing,Thing (comics),Marvel
Thog,Thog (comics),Marvel
Thor,Thor (Marvel Comics),Marvel
Thor Girl,Thor Girl,Marvel
Professor Thorton,Professor Thorton,Marvel
Threnody,Threnody (comics),Marvel
Thunderball,Thunderball (comics),Marvel
Thunderbird,Thunderbird (John Proudstar),Marvel
Thunderbolt,Thunderbolt (Marvel Comics),Marvel
Thunderclap,Thunderclap (comics),Marvel
Thunderer,Thunderer (Marvel Comics),Marvel
Thunderstrike,Thunderstrike (Eric Masterson),Marvel
Thundersword,Thundersword,Marvel
Thundra,Thundra,Marvel
Tiger Shark,Tiger Shark (Marvel Comics),Marvel
Tigra,Tigra,Marvel
Timebroker,Timebroker,Marvel
Timeslip,Timeslip (comics),Marvel
Tinkerer,Tinkerer (Marvel Comics),Marvel
Titania,Titania (Marvel Comics),Marvel
Titanium Man,Titanium Man,Marvel
Titannus,Titannus,Marvel
Toad,Toad (comics),Marvel
Tombstone,Tombstone (comics),Marvel
Tonaja,Tonaja,Marvel
Topaz,Topaz (Marvel Comics),Marvel
Toro,Toro (comics),Marvel
Torpedo,Torpedo (Marvel Comics),Marvel
Tower of Flower,Klara Prast,Marvel
Blake Tower,Blake Tower,Marvel
Toxie Doxie,June Covington,Marvel
Toxin,Toxin (comics),Marvel
Tracer,Tracer (Marvel Comics),Marvel
Trance,Trance (comics),Marvel
Transonic,Transonic (comics),Marvel
Trapster,Trapster,Marvel
Trash,Trash (comics),Marvel
Bolivar Trask,Bolivar Trask,Marvel
Judas Traveller,Judas Traveller,Marvel
Lorelei Travis,Lorelei Travis,Marvel
Tremolo,Tremolo (comics),Marvel
Tricephalous,Tricephalous (comics),Marvel
Trick Shot_Trickshot,Trick Shot (comics),Marvel
Triton,Triton (comics),Marvel
Troll,Troll (Marvel Comics),Marvel
Damian Tryp,Damian Tryp,Marvel
Matsu'o Tsurayaba,Matsu'o Tsurayaba,Marvel
Turbo,Turbo (comics),Marvel
Turner D. Century,Turner D. Century,Marvel
Tusk,Tusk (comics),Marvel
Two-Gun Kid,Two-Gun Kid,Marvel
Tyger Tiger,Jessan Hoan,Marvel
Typeface,Typeface (comics),Marvel
Typhon,Typhon (comics),Marvel
Tyr,Tyr (Marvel Comics),Marvel
Tyrak,Tyrak,Marvel
Tyrant,Tyrant (Marvel Comics),Marvel
Uatu,Uatu,Marvel
Ulik,Ulik,Marvel
Ultimo,Ultimo (Marvel Comics),Marvel
Ultron,Ultron,Marvel
U-Man,U-Man,Marvel
Umar,Umar (Marvel Comics),Marvel
Underworld,Underworld (comics),Marvel
Unicorn,Unicorn (Marvel Comics),Marvel
Uni-Mind,Uni-Mind,Marvel
Union Jack,Union Jack (comics),Marvel
Unus the Untouchable,Unus the Untouchable,Marvel
Ben Urich,Ben Urich,Marvel
Phil Urich,Phil Urich,Marvel
Ursa Major,Ursa Major (comics),Marvel
U.S. Agent,U.S. Agent (comics),Marvel
Valkyrie,Valkyrie (Marvel Comics),Marvel
Michael Van Patrick,Michael Van Patrick,Marvel
Vanisher,Vanisher,Marvel
Vapor_Marvel,U-Foes,Marvel
Vector,U-Foes,Marvel
Vengeance,Vengeance (comics),Marvel
Venom,Venom (Marvel Comics character),Marvel
Venomm,Venomm,Marvel
Venus,Venus (Marvel Comics),Marvel
Vermin,Vermin (comics),Marvel
Kristoff Vernard,Kristoff Vernard,Marvel
Vertigo,Vertigo (Marvel Comics),Marvel
Vessel,Vessel (comics),Marvel
Vibraxas,Vibraxas,Marvel
Victorius,Scientist Supreme,Marvel
Vidar,Vidar (Marvel Comics),Marvel
Viper,Viper (Marvel Comics),Marvel
Virgo,Virgo (comics),Marvel
Vishanti,Vishanti,Marvel
Vision,Vision (Timely Comics),Marvel
Amelia Voght,Amelia Voght,Marvel
Voice,Voice (comics),Marvel
Philip Nolan Voigt,DP 7,Marvel
Volcana_Marvel,Volcana (Marvel Comics),Marvel
Volla,Volla (comics),Marvel
Volstagg,Volstagg,Marvel
Baron Von Blitzschlag,Baron Von Blitzschlag,Marvel
Friedrich Von Roehm,Friedrich Von Roehm,Marvel
Andrea and Andreas von Strucker,Fenris (comics),Marvel
Werner von Strucker,Werner von Strucker,Marvel
Voyager,Voyager (comics),Marvel
Vulcan,Vulcan (Marvel Comics),Marvel
Wallflower,Wallflower (comics),Marvel
Walrus,Walrus (comics),Marvel
War,War (Marvel Comics),Marvel
Grant Ward,Grant Ward (Marvel Cinematic Universe),Marvel
War Machine,War Machine,Marvel
Warbird,Carol Danvers,Marvel
Warlock,Warlock (New Mutants),Marvel
Adam Warlock,Adam Warlock,Marvel
Warpath,Warpath (comics),Marvel
Miles Warren,Jackal (Marvel Comics),Marvel
Warrior Woman,Warrior Woman (Marvel Comics),Marvel
Warcat,Warwolf (Marvel Comics),Marvel
Washout,Washout (comics),Marvel
Wasp,Wasp (comics),Marvel
Anna Watson,Anna Watson (comics),Marvel
Mary Jane Watson,Mary Jane Watson,Marvel
Weapon H,Weapon H,Marvel
Wendigo,Wendigo (comics),Marvel
Werewolf by Night,Werewolf by Night,Marvel
Nicodemus West,Nicodemus West,Marvel
Western Kid,Western Kid,Marvel
Evangeline Whedon,Evangeline Whedon,Marvel
Whiplash,Whiplash (comics),Marvel
Whirlwind,Whirlwind (comics),Marvel
Abraham Whistler,Abraham Whistler,Marvel
White Dragon,White Dragon (comics),Marvel
White Rabbit,White Rabbit (comics),Marvel
White Tiger,White Tiger (comics),Marvel
Whiteout,Whiteout (Marvel Comics),Marvel
Debra Whitman,Debra Whitman,Marvel
Whizzer,Whizzer (comics),Marvel
Wiccan,Wiccan (comics),Marvel
Wild Child,Wild Child (comics),Marvel
Alex Wilder,Alex Wilder,Marvel
Geoffrey and Catherine Wilder,Pride (comics),Marvel
Wildside,Mutant Liberation Front,Marvel
Wildstreak,Wildstreak,Marvel
Will o' the Wisp,Will o' the Wisp (comics),Marvel
Riri Williams,Riri Williams,Marvel
Jim Wilson,Jim Wilson (comics),Marvel
Wind Dancer,Wind Dancer,Marvel
Wing,Wing (Marvel Comics),Marvel
Colleen Wing,Colleen Wing,Marvel
Wyatt Wingfoot,Wyatt Wingfoot,Marvel
Winter Soldier,Bucky Barnes,Marvel
Wipeout,Wipeout (comics),Marvel
Pete Wisdom,Pete Wisdom,Marvel
Romany Wisdom,Romany Wisdom,Marvel
Wither,Wither (comics),Marvel
Witness,Witness (comics),Marvel
Wizard_Marvel,Wizard (Marvel Comics),Marvel
Wolfsbane,Wolfsbane (comics),Marvel
Wolverine,Wolverine (character),Marvel
Wonder Man,Wonder Man,Marvel
Wong,Wong (comics),Marvel
Wong-Chu,Wong-Chu,Marvel
Jimmy Woo,Jimmy Woo,Marvel
Wraith,Wraith (Brian DeWolff),Marvel
Wrecker,Wrecker (comics),Marvel
Wundarr the Aquarian,Wundarr the Aquarian,Marvel
Wysper,Wysper,Marvel
Professor X,Professor X,Marvel
Xavin,Xavin,Marvel
X-Man,Nate Grey,Marvel
Xorn,Xorn,Marvel
X-Ray,U-Foes,Marvel
Mariko Yashida,Mariko Yashida,Marvel
Shingen Yashida,Shingen Yashida,Marvel
Yellow Claw,Yellow Claw (comics),Marvel
Yellowjacket_Marvel,Yellowjacket (Marvel Comics),Marvel
Ymir,Ymir (Marvel Comics),Marvel
Yondpoo,Yondu,Marvel
Yon-Rogg,Yon-Rogg,Marvel
Dale and Stacey Yorkes,Pride (comics),Marvel
Yukio,Yukio (comics),Marvel
Zabu,Zabu,Marvel
Zarathos,Zarathos,Marvel
Zarrko,Zarrko,Marvel
Zeitgeist,X-Statix,Marvel
Helmut Zemo,Helmut Zemo,Marvel
Zero-G,Alex Power,Marvel
Zeus_Marvel,Zeus (Marvel Comics),Marvel
Zheng Bao Yu,Zheng Bao Yu,Marvel
Zheng Zu,Zheng Zu,Marvel
Arnim Zola,Arnim Zola,Marvel
Zombie,Zombie (comics),Marvel
Zorro,Zorro (comics),Marvel
Carlo Zota,Enclave (comics),Marvel
Zuras,list of Eternals,Marvel
Zzzax,Zzzax,Marvel
3-D Man,3-D Man,Marvel
Abin Sur,Abin Sur,DC
Abra Kadabra (character),Abra Kadabra (character),DC
Abby Holland,Abby Holland,DC
Ace the Bat-Hound,Ace the Bat-Hound,DC
Adam Strange,Adam Strange,DC
Agent Liberty,Agent Liberty,DC
Air Wave,Air Wave,DC
Alias the Spider,Spider (DC Comics),DC
Alura,Alura (DC Comics),DC
Amazo,Amazo,DC
Ambush Bug,Ambush Bug,DC
Amazing-Man,Amazing-Man (DC Comics),DC
"Amethyst, Princess of Gemworld","Amethyst, Princess of Gemworld",DC
Amygdala,Amygdala (comics),DC
Anarky,Anarky,DC
Andrew Bennett,I...Vampire,DC
Andromeda_DC,Laurel Gand,DC
Angel O'Day,Angel and the Ape,DC
Animal Man,Animal Man,DC
Animal-Vegetable-Mineral Man,Animal-Vegetable-Mineral Man,DC
Anti-Monitor,Anti-Monitor,DC
Antiope,Antiope (character),DC
Anton Arcane,Anton Arcane,DC
Anthro,Anthro (comics),DC
Apache Chief,Apache Chief,DC
Apparition,Phantom Girl,DC
Aquagirl,Aquagirl,DC
Aqualad,Aqualad,DC
Aquaman,Aquaman,DC
Arak,Arak (character),DC
Ares_DC,Ares (DC Comics),DC
Argent,Argent (character),DC
Arion,Arion (character),DC
Arisia Rrab,Arisia Rrab,DC
Jeremiah Arkham,Jeremiah Arkham,DC
Arrowette,Arrowette,DC
Arsenal_DC,Roy Harper (character),DC
Artemis of Bana-Mighdall,Artemis of Bana-Mighdall,DC
Atom,Atom (character),DC
Atomic Knight,Atomic Knight,DC
Atomic Skull,Atomic Skull,DC
Atom-Smasher,Albert Rothstein,DC
Atrocitus,Atrocitus,DC
Azrael,Azrael (DC Comics),DC
Aztek,Aztek (character),DC
B'wana Beast,B'wana Beast,DC
Baby-Doll,Baby-Doll (character),DC
Bane,Bane (DC Comics),DC
Baron Bedlam,Baron Bedlam,DC
Baron Blitzkrieg,Baron Blitzkrieg,DC
Battalion,Battalion (DC Comics),DC
Batgirl,Batgirl,DC
Batman,Batman,DC
Bat-Mite,Bat-Mite,DC
Batwing_DC,Batwing (DC Comics),DC
Batwoman,Batwoman,DC
Beast Boy,Beast Boy,DC
Bekka,Bekka,DC
Beppo,Beppo (comics),DC
Bibbo Bibbowski,Bibbo Bibbowski,DC
Big Barda,Big Barda,DC
Bizarro,Bizarro,DC
Black Adam,Black Adam,DC
Black Alice,Black Alice (comics),DC
Black Canary,Black Canary,DC
Black Condor,Black Condor,DC
Black Flash,Black Flash,DC
Black Hand,Black Hand (character),DC
Black Lightning,Black Lightning,DC
Black Manta,Black Manta,DC
Black Mask (character),Black Mask (character),DC
Black Orchid,Black Orchid (character),DC
Black Thorn,Black Thorn (comics),DC
Black Vulcan,Black Vulcan,DC
Blackhawk,Blackhawk (DC Comics),DC
Blaze,Blaze and Satanus,DC
Blok,Blok (comics),DC
Blockbuster_DC,Blockbuster (DC Comics),DC
Bloodsport,Bloodsport (comics),DC
Blue Beetle,Blue Beetle,DC
Blue Devil,Blue Devil (DC Comics),DC
Bombshell,Bombshell (DC Comics),DC
Boodikka,Boodikka,DC
Booster Gold,Booster Gold,DC
Bouncing Boy,Bouncing Boy,DC
Bozo the Iron Man,Bozo the Iron Man,DC
Brain,Brain (DC Comics),DC
Brain Wave,Brain Wave (character),DC
Brainiac,Brainiac (character),DC
Brainiac 5,Brainiac 5,DC
Brainiac 8,Brainiac 8,DC
Brainwave,Brainwave (character),DC
Brick,Brick (character),DC
Bronze Tiger,Bronze Tiger,DC
Brother Blood,Brother Blood,DC
Brutale,Brutale (DC Comics),DC
Bug-Eyed Bandit,Bug-Eyed Bandit,DC
Bulleteer,Bulleteer,DC
Bulletman and Bulletgirl,Bulletman and Bulletgirl,DC
Bumblebee,Bumblebee (comics),DC
Bushido,Bushido (comics),DC
Calendar Man,Calendar Man,DC
Calculator,Calculator (character),DC
Captain Atom,Captain Atom,DC
Captain Boomerang,Captain Boomerang,DC
Captain Cold,Captain Cold,DC
Captain Comet,Captain Comet,DC
Captain Marvel_DC,Captain Marvel (DC Comics),DC
Captain Marvel Jr.,Captain Marvel Jr.,DC
Captain Nazi,Captain Nazi,DC
Catwoman,Catwoman,DC
Ch'p,Ch'p,DC
Chameleon Boy,Reep Daggle,DC
King Chimera,King Chimera,DC
Chris KL-99,Chris KL-99,DC
Cheetah,Cheetah (character),DC
Chemo,Chemo (character),DC
Cheshire,Cheshire (comics),DC
Chief,Chief (DC Comics),DC
Chris Kent,Chris Kent (character),DC
Chronos,Chronos (character),DC
Circe,Circe (character),DC
Clayface,Clayface,DC
Clock King,Clock King,DC
Cluemaster,Cluemaster,DC
Colossal Boy,Gim Allon,DC
Comedian,Comedian (character),DC
Commander Steel,Commander Steel,DC
Conduit,Conduit (character),DC
Congorilla,Congorilla,DC
Cosmic Boy,Cosmic Boy,DC
Count Vertigo,Count Vertigo,DC
Creeper,Creeper (DC Comics),DC
Crimson Avenger,Crimson Avenger,DC
Crispus Allen,Crispus Allen,DC
Cyborg,Cyborg (DC Comics),DC
Cyborg Superman,Cyborg Superman,DC
Cyclone_DC,Cyclone (DC Comics),DC
Dan the Dyna-Mite,Dan the Dyna-Mite,DC
Dan Turpin,Dan Turpin,DC
Darkseid,Darkseid,DC
Dark Angel,Dark Angel (DC Comics),DC
Dark Flash _ Negative Flash,Wally West,DC
Dava,Dava (comics),DC
Dawnstar,Dawnstar,DC
Deadman,Deadman (comics),DC
Deadshot,Deadshot,DC
Death_DC,Death (DC Comics),DC
Deathstroke,Deathstroke,DC
Decay,Decay (DC Comics),DC
DeSaad,DeSaad,DC
Despero,Despero,DC
Detective Chimp,Detective Chimp,DC
Ding Dong Daddy,Ding Dong Daddy,DC
Doctor Alchemy,Doctor Alchemy,DC
Doctor Cyber,Doctor Cyber,DC
Doctor Destiny,Doctor Destiny,DC
Doctor Fate,Doctor Fate,DC
Doctor Light,Doctor Light (character),DC
Doctor Manhattan,Doctor Manhattan,DC
Doctor Mid-Nite,Doctor Mid-Nite,DC
Doctor Occult,Doctor Occult,DC
Doctor Poison,Doctor Poison,DC
Doctor Polaris,Doctor Polaris,DC
Doctor Psycho,Doctor Psycho,DC
Doctor Sivana,Doctor Sivana,DC
Doll Man,Doll Man,DC
Dollmaker,Dollmaker (comics),DC
Doomsday,Doomsday (DC Comics),DC
Richard Dragon,Richard Dragon,DC
Dream,Dream (character),DC
Dream Girl,Nura Nal,DC
Duela Dent,Duela Dent,DC
Eclipso,Eclipso,DC
Morgan Edge,Morgan Edge,DC
El Diablo,El Diablo (comics),DC
Elasti-Girl,Elasti-Girl,DC
Elongated Man,Elongated Man,DC
Emerald Empress,Emerald Empress,DC
Enchantress_DC,Enchantress (DC Comics),DC
Eradicator,Eradicator (character),DC
Etrigan the Demon,Etrigan the Demon,DC
Faora,Faora,DC
Felix Faust,Felix Faust,DC
Ferro Lad,Ferro Lad,DC
Fiddler,Fiddler (comics),DC
Fire,Fire (comics),DC
Firebrand_DC,Firebrand (DC Comics),DC
Firefly,Firefly (DC Comics),DC
Firestorm,Firestorm (character),DC
Flash,Flash (DC Comics character),DC
Flamebird,Flamebird,DC
Flamingo,Flamingo (comics),DC
Anna Fortune,Anna Fortune,DC
Flex Mentallo,Flex Mentallo,DC
Floronic Man,Floronic Man,DC
Major Force,Major Force,DC
Mr. Freeze,Mr. Freeze,DC
Forerunner,Forerunner (DC Comics),DC
Frankenstein,Frankenstein (DC Comics),DC
Fury_DC,Fury (DC Comics),DC
G'nort,G'nort,DC
Gambler,Gambler (comics),DC
Ganthet,Ganthet,DC
Gearhead,Gearhead (DC Comics),DC
General Immortus,General Immortus,DC
General Zahl,General Zahl,DC
Gentleman Ghost,Gentleman Ghost,DC
Geo-Force,Geo-Force,DC
Giganta,Giganta,DC
Gizmo,Gizmo (DC Comics),DC
Glorious Godfrey,Glorious Godfrey,DC
Gnarrk,Gnarrk,DC
Golden Glider,Golden Glider,DC
Gorilla Grodd,Gorilla Grodd,DC
Green Arrow,Green Arrow,DC
Green Lantern,Green Lantern,DC
Guardian_DC,Guardian (DC Comics),DC
Hank Hall,Hank Hall,DC
Harlequin,Harlequin (character),DC
Harley Quinn,Harley Quinn,DC
Harry Stein,Harry Stein (character),DC
Harvey Bullock,Harvey Bullock (character),DC
Hawk,Hawk and Dove,DC
Hawkgirl,Hawkgirl,DC
Hawkman,Hawkman,DC
Hawkwoman,Hawkwoman,DC
Heat Wave,Heat Wave (comics),DC
Hector Hammond,Hector Hammond,DC
Hippolyta,Hippolyta (DC Comics),DC
Hourman,Hourman,DC
Huntress,Huntress (comics),DC
Hush,Hush (character),DC
Hyathis,Hyathis,DC
Ibis the Invincible,Ibis the Invincible,DC
Ice,Ice (character),DC
Icemaiden,Icemaiden,DC
Icicle,Icicle (comics),DC
Icon,Icon (character),DC
Immortal Man,Immortal Man,DC
Impulse,Impulse (DC Comics),DC
Inspector Henderson,Inspector Henderson,DC
Invisible Kid,Invisible Kid,DC
Ion_DC,Ion (DC Comics),DC
Iris West,Iris West,DC
Isamot Kol,Isamot Kol,DC
Isis,Isis (DC Comics),DC
J.A.K.E. 1,G.I. Robot,DC
J.A.K.E. 2,G.I. Robot,DC
J'onn J'onzz,Martian Manhunter,DC
Jack,Metal Men,DC
Jack of Clubs,Royal Flush Gang,DC
Jack of Fire,The Pentacle,DC
Jack O'Lantern_DC,Jack O'Lantern (DC Comics),DC
Jack the Ripper,Jack the Ripper fiction,DC
Jackal_DC,Deathstroke,DC
Jackhammer_DC,Demolition Team,DC
Jade,Jade (DC Comics),DC
Jacob Ashe,Cinder and Ashe,DC
Jakeem Thunder,Jakeem Thunder,DC
Jinx,Jinx (DC Comics),DC
Johnny Thunder,Johnny Thunder,DC
Joker,Joker (DC Comics),DC
Katana,Katana (DC Comics),DC
Kelex,Kelex,DC
Kid Eternity,Kid Eternity,DC
Kid Flash,Kid Flash,DC
King Standish,King Standish,DC
Killer Croc,Killer Croc,DC
Killer Frost,Killer Frost,DC
Killer Moth,Killer Moth,DC
Kobra,Kobra (DC Comics),DC
Kole,Kole,DC
L-Ron,L-Ron,DC
Lady Blackhawk,Lady Blackhawk,DC
Lady Quark,Lady Quark,DC
Lady Shiva,Lady Shiva,DC
Lady Styx,Lady Styx,DC
Lady Vic,Lady Vic,DC
Lagomorph,Inferior Five,DC
Lagoon Boy,Lagoon Boy,DC
Larry Lance,Larry Lance,DC
Lois Lane,Lois Lane,DC
Lucy Lane,Lucy Lane,DC
Sam Lane,Sam Lane (comics),DC
Lana Lang,Lana Lang,DC
Lara,Lara (character),DC
Larfleeze,Larfleeze,DC
Bat Lash,Bat Lash,DC
Lashina,Lashina,DC
Legion,Legion (DC Comics),DC
Lori Lemaris,Lori Lemaris,DC
Liberty Belle,Liberty Belle (comics),DC
Lightning,Lightning (DC Comics),DC
Lilith Clay,Lilith Clay,DC
Livewire,Livewire (DC Comics),DC
Lobo,Lobo (DC Comics),DC
Gillian B. Loeb,Gillian B. Loeb,DC
Steve Lombard,Steve Lombard,DC
Looker,Looker (character),DC
Maxwell Lord,Maxwell Lord,DC
Lucifer_DC,Lucifer (DC Comics),DC
Lena Luthor,Lena Luthor,DC
Lex Luthor,Lex Luthor,DC
Lionel Luthor,Lionel Luthor,DC
Lynx,Lynx (comics),DC
Magpie,Magpie (character),DC
Mammoth,Mammoth (comics),DC
Bruno Mannheim,Bruno Mannheim,DC
Minister Blizzard,Minister Blizzard,DC
Mongul,Mongul,DC
Alex Montez,Eclipso,DC
Mutant Leader,Mutants (DC Comics),DC
Naiad,Naiad (character),DC
Natas,Natas (character),DC
Nebula Man,Nebula Man,DC
Negative Man,Negative Man,DC
Nekron,Nekron,DC
Nemesis,Nemesis (DC Comics),DC
Nemesis Kid,Nemesis Kid,DC
Neon the Unknown,Neon the Unknown,DC
Neutron,Neutron (DC Comics),DC
New Wave,Masters of Disaster (comics),DC
Carter Nichols,Professor Carter Nichols,DC
Nighthawk_DC,Nighthawk (DC Comics),DC
Nightmaster,Nightmaster,DC
Nightrider,Nightrider (DC Comics),DC
Nightrunner,Nightrunner (character),DC
Nightshade_DC,Nightshade (DC Comics),DC
Nightslayer,Nightslayer,DC
Nightwing,Nightwing,DC
Nite Owl,Nite Owl,DC
Nite-Wing,Nite-Wing,DC
Nocturna,Nocturna (DC Comics),DC
Non,Non (comics),DC
Noose,Intergang,DC
Northwind,Northwind (comics),DC
Nyxlygsptlnz,Ms. Gsptlsnz,DC
Orca,Orca (DC Comics),DC
Phosphorus Rex,Phosphorus Rex,DC
Prankster,Prankster (comics),DC
Prestor Jon,Prestor Jon,DC
Protector,Protector (DC Comics),DC
Professor Pyg,Professor Pyg,DC
Quakemaster,Quakemaster,DC
Ravan,Ravan (comics),DC
Raven,Raven (DC Comics),DC
Red Arrow,Roy Harper (character),DC
Red Star,Red Star (comics),DC
Red Tornado,Red Tornado,DC
Robin,Robin (DC Comics),DC
Harper Row,Harper Row,DC
Sardath,Sardath,DC
Sin_DC,Sin (DC Comics),DC
Slobo,Li'l Lobo,DC
Felicity Smoak,Felicity Smoak,DC
Johnny Sorrow,Johnny Sorrow,DC
Speed Demon_DC,Jimmy Olsen,DC
Cornelius Stirk,Cornelius Stirk,DC
Silas Stone,Silas Stone,DC
Super-Hip,Super-Hip,DC
Super-Turtle,Super-Turtle,DC
Superboy,Superboy,DC
Supergirl,Supergirl,DC
Superman,Superman,DC
Superman robots,Superman robots,DC
Supernova_DC,Supernova (DC Comics),DC
Superwoman,Superwoman,DC
Tally Man,Tally Man,DC
TNT,TNT (character),DC
Turtle,Turtle (comics),DC
Ubu,League of Assassins,DC
Ultimon,Big Science Action,DC
Ultra Boy,Ultra Boy,DC
Ultra the Multi-Alien,Ultra the Multi-Alien,DC
Ultraa,Ultraa,DC
Ultra-Humanite,Ultra-Humanite,DC
Ultra-Man,Ultra-Man,DC
Ultraman,Ultraman (DC Comics),DC
Umbaluru,Umbaluru,DC
Uncle Marvel,Uncle Marvel,DC
Uncle Sam,Uncle Sam (comics),DC
Unity Kinkaid,Characters of The Sandman,DC
Universo,Universo,DC
Unknown Soldier,Unknown Soldier (DC Comics),DC
Usil,Axis Amerika,DC
V,V (character),DC
Warlock's Daughter,Warlock's Daughter,DC
Warlord,Warlord (DC Comics),DC
Warp,Warp (comics),DC
Waverider,Waverider (character),DC
Weapons Master,Weapons Master,DC
Weather Wizard,Weather Wizard,DC
Web,Web (character),DC
Weeper,Weeper (DC Comics),DC
Weird,Weird (comics),DC
Paul Westfield,Paul Westfield,DC
Whip,Whip (comics),DC
White Witch,White Witch (comics),DC
Perry White,Perry White,DC
Wild Dog,Wild Dog (comics),DC
Wildebeest,Wildebeest (comics),DC
Wildfire,Wildfire (comics),DC
Wildstar,Wildstar (DC Comics),DC
Rose Wilson,Rose Wilson,DC
Woozy Winks,Woozy Winks,DC
Wintergreen,Wintergreen (comics),DC
Wizard_DC,Wizard (DC Comics),DC
Wonder Boy,Wonder Boy (character),DC
Wonder Girl,Wonder Girl (Cassie Sandsmark),DC
Wonder Twins,Wonder Twins,DC
Wonder Woman,Wonder Woman,DC
Wotan,Wotan (comics),DC
Wrath,Wrath (comics),DC
Yellow Lantern,Hal Jordan,DC
Yellow Peri,Yellow Peri,DC
Yellowjacket_DC,Yellowjacket (Charlton Comics),DC
Zara,Zara (character),DC
Zatanna,Zatanna,DC
Zatara,Zatara,DC
Zachary Zatara,Zachary Zatara,DC
Zauriel,Zauriel,DC
Zebra-Man,Zebra-Man,DC
Zeus_DC,Zeus (DC Comics),DC
Zookeeper,Zookeeper (comics),DC
Zor-El,Zor-El,DC
Tony Zucco,Tony Zucco,DC
Val Colby,Lex Luthor,DC
Valda,Valda the Iron Maiden,DC
"Vale, Emmet",Metallo,DC
"Vale, Jimmie",Batman and Robin (serial),DC
Val-El,Jor-El,DC
Valentina Armorr,Karate Kid (comics),DC
Valentina Vostok,Valentina Vostok,DC
"Valestra, Salvatore",Batman: Mask of the Phantasm,DC
Validus,Validus,DC
Vampirus,Super Friends,DC
Vandal,Omega Men,DC
Vandal Savage,Vandal Savage,DC
"Vane, Commissioner",Gotham City Police Department,DC
Van-El,For the Man Who Has Everything,DC
Vanessa Van Helsing,Night Force,DC
Vanguard,Shining Knight,DC
"Van'n Intraktus, Magaan",Green Lantern Corps,DC
"Vanzetti, Jocko-Boy",Tony Zucco,DC
Vapor_DC,The Conglomerate (comics),DC
Vara,Superman & Batman: Generations,DC
Vartox,Vartox,DC
Vath Sarn,Vath Sarn,DC
Vectron,Elseworld's Finest: Supergirl & Batgirl,DC
"Vega, Colonel",Batman: Knightfall,DC
Veilmist,Khund,DC
Velvet Tiger,Wild Dog (comics),DC
Venelia,Themyscira (DC Comics),DC
Venev,Bloodlines (comics),DC
Ventriloquist,Ventriloquist (comics),DC
Venus Sivana,Doctor Sivana,DC
Veridium,Veridium,DC
Veronica Cale,Veronica Cale,DC
Vestion,Vartox,DC
Vibe,Vibe (comics),DC
Vice Admiral Fangschleister,Batman (1966 film),DC
Vicki Grant,Dial H for Hero,DC
Vicki Vale,Vicki Vale,DC
Vigilante,Vigilante (comics),DC
Viking,Maximums,DC
Viking Prince,Viking Prince,DC
Vikram,The Losers (2010 film),DC
Vilmos Egan,Kasnia,DC
"Vimana, Lorna",Xenobrood,DC
Vince Everett,Flash in other media,DC
Vincent Del Arrazzio,Gotham City Police Department,DC
Vincent Velcoro (Velcro),Creature Commandos,DC
Vincent Yatz,Creeper (comics),DC
"Vincent, Harry",The Shadow,DC
Viperie,Viperie (Action Comics 338),DC
Virago,Onomatopoeia (comics),DC
Virman Vundabar,Virman Vundabar,DC
Virtuoso,Virtuoso (comics),DC
Vixen,Vixen (comics),DC
Vizacacha,Vizacacha,DC
Voice-Over,Hero Hotline,DC
Volcana_DC,Volcana,DC
"Volt, Lord",Lady Quark,DC
Volthoom,Volthoom,DC
Von Bach,Von Bach,DC
"von Gunther, Paula, Baroness",Baroness Paula von Gunther,DC
Vond-Ah,Superman (1978 film),DC
Voodoo,Voodoo (Wildstorm),DC
Vortex,Doom Patrol,DC
Vox Populi,The Monarchy (comics),DC
"Vreeland, Bunny",Batman Beyond,DC
"Vroom, Hans",Hans Vroom (Action Comics 93),DC
"Vul, Tri","Tri Vul (The Brave and the Bold, Vol. 1, 155)",DC
"Vulko, Nuidis",Nuidis Vulko,DC
Vulture,Terrible Trio,DC
X' Hal,X' Hal,DC
X-2-Y,X-2-Y (Action Comics 344),DC
X-5 Super Agent,X-5 Super Agent (Quality Comics),DC
X,X of the Underground,DC
Xanna,Empire (comics),DC
Xanthi,Sparta of Synriannaq,DC
Xardo,Xardo (Action Comics 325),DC
Xasnu,Xasnu (Action Comics 278),DC
X-Bomb Betty,X-Bomb Betty,DC
Xenofobe,Xenofobe,DC
Xeo,Xeo,DC
Xera,Xera (comics),DC
Xero,Xero (comics),DC
Xiang-Fa,"Xiang-Fa (Green Lantern, Vol. 3, 19)",DC
Xiuhtecutli,Cadre (comics),DC
Xolotl,Hell (DC Comics),DC
Xombi,Xombi,DC
Xov,Xov (Action Comics 242),DC
XS,XS (comics),DC
4-D,International Ultramarine Corps,DC
500Z-Q,Hero Hotline,DC
#711,711 (Quality Comics),DC
